[INFO] Scanning for projects...
[INFO] 
[INFO] ------------------------< me.snownw:SnowNWCore >------------------------
[INFO] Building SnowNWCore 0.3.0-26.1
[INFO]   from pom.xml
[INFO] --------------------------------[ jar ]---------------------------------
[INFO] Downloading from central: https://repo.maven.apache.org/maven2/org/apache/maven/plugins/maven-resources-plugin/3.4.0/maven-resources-plugin-3.4.0.pom
[INFO] Downloaded from central: https://repo.maven.apache.org/maven2/org/apache/maven/plugins/maven-resources-plugin/3.4.0/maven-resources-plugin-3.4.0.pom (7.9 kB at 6.6 kB/s)
[INFO] Downloading from central: https://repo.maven.apache.org/maven2/org/apache/maven/plugins/maven-plugins/45/maven-plugins-45.pom
[INFO] Downloaded from central: https://repo.maven.apache.org/maven2/org/apache/maven/plugins/maven-plugins/45/maven-plugins-45.pom (8.4 kB at 279 kB/s)
[INFO] Downloading from central: https://repo.maven.apache.org/maven2/org/apache/maven/maven-parent/45/maven-parent-45.pom
[INFO] Downloaded from central: https://repo.maven.apache.org/maven2/org/apache/maven/maven-parent/45/maven-parent-45.pom (53 kB at 1.5 MB/s)
[INFO] Downloading from central: https://repo.maven.apache.org/maven2/org/apache/apache/35/apache-35.pom
[INFO] Downloaded from central: https://repo.maven.apache.org/maven2/org/apache/apache/35/apache-35.pom (24 kB at 638 kB/s)
[INFO] Downloading from central: https://repo.maven.apache.org/maven2/org/junit/junit-bom/5.13.1/junit-bom-5.13.1.pom
[INFO] Downloaded from central: https://repo.maven.apache.org/maven2/org/junit/junit-bom/5.13.1/junit-bom-5.13.1.pom (5.6 kB at 195 kB/s)
[INFO] Downloading from central: https://repo.maven.apache.org/maven2/org/apache/maven/plugins/maven-resources-plugin/3.4.0/maven-resources-plugin-3.4.0.jar
[INFO] Downloaded from central: https://repo.maven.apache.org/maven2/org/apache/maven/plugins/maven-resources-plugin/3.4.0/maven-resources-plugin-3.4.0.jar (31 kB at 617 kB/s)
[INFO] Downloading from central: https://repo.maven.apache.org/maven2/org/apache/maven/plugins/maven-compiler-plugin/3.13.0/maven-compiler-plugin-3.13.0.pom
[INFO] Downloaded from central: https://repo.maven.apache.org/maven2/org/apache/maven/plugins/maven-compiler-plugin/3.13.0/maven-compiler-plugin-3.13.0.pom (10 kB at 373 kB/s)
[INFO] Downloading from central: https://repo.maven.apache.org/maven2/org/apache/maven/plugins/maven-plugins/41/maven-plugins-41.pom
[INFO] Downloaded from central: https://repo.maven.apache.org/maven2/org/apache/maven/plugins/maven-plugins/41/maven-plugins-41.pom (7.4 kB at 263 kB/s)
[INFO] Downloading from central: https://repo.maven.apache.org/maven2/org/apache/maven/maven-parent/41/maven-parent-41.pom
[INFO] Downloaded from central: https://repo.maven.apache.org/maven2/org/apache/maven/maven-parent/41/maven-parent-41.pom (50 kB at 1.1 MB/s)
[INFO] Downloading from central: https://repo.maven.apache.org/maven2/org/apache/apache/31/apache-31.pom
[INFO] Downloaded from central: https://repo.maven.apache.org/maven2/org/apache/apache/31/apache-31.pom (24 kB at 840 kB/s)
[INFO] Downloading from central: https://repo.maven.apache.org/maven2/org/apache/maven/plugins/maven-compiler-plugin/3.13.0/maven-compiler-plugin-3.13.0.jar
[INFO] Downloaded from central: https://repo.maven.apache.org/maven2/org/apache/maven/plugins/maven-compiler-plugin/3.13.0/maven-compiler-plugin-3.13.0.jar (83 kB at 2.4 MB/s)
[INFO] Downloading from central: https://repo.maven.apache.org/maven2/org/apache/maven/plugins/maven-surefire-plugin/3.5.2/maven-surefire-plugin-3.5.2.pom
[INFO] Downloaded from central: https://repo.maven.apache.org/maven2/org/apache/maven/plugins/maven-surefire-plugin/3.5.2/maven-surefire-plugin-3.5.2.pom (5.7 kB at 158 kB/s)
[INFO] Downloading from central: https://repo.maven.apache.org/maven2/org/apache/maven/surefire/surefire/3.5.2/surefire-3.5.2.pom
[INFO] Downloaded from central: https://repo.maven.apache.org/maven2/org/apache/maven/surefire/surefire/3.5.2/surefire-3.5.2.pom (20 kB at 374 kB/s)
[INFO] Downloading from central: https://repo.maven.apache.org/maven2/org/apache/maven/maven-parent/43/maven-parent-43.pom
[INFO] Downloaded from central: https://repo.maven.apache.org/maven2/org/apache/maven/maven-parent/43/maven-parent-43.pom (50 kB at 1.7 MB/s)
[INFO] Downloading from central: https://repo.maven.apache.org/maven2/org/apache/apache/33/apache-33.pom
[INFO] Downloaded from central: https://repo.maven.apache.org/maven2/org/apache/apache/33/apache-33.pom (24 kB at 967 kB/s)
[INFO] Downloading from central: https://repo.maven.apache.org/maven2/org/junit/junit-bom/5.10.3/junit-bom-5.10.3.pom
[INFO] Downloaded from central: https://repo.maven.apache.org/maven2/org/junit/junit-bom/5.10.3/junit-bom-5.10.3.pom (5.6 kB at 78 kB/s)
[INFO] Downloading from central: https://repo.maven.apache.org/maven2/org/apache/maven/plugins/maven-surefire-plugin/3.5.2/maven-surefire-plugin-3.5.2.jar
[INFO] Downloaded from central: https://repo.maven.apache.org/maven2/org/apache/maven/plugins/maven-surefire-plugin/3.5.2/maven-surefire-plugin-3.5.2.jar (46 kB at 826 kB/s)
[INFO] Downloading from central: https://repo.maven.apache.org/maven2/org/apache/maven/plugins/maven-jar-plugin/3.4.2/maven-jar-plugin-3.4.2.pom
[INFO] Downloaded from central: https://repo.maven.apache.org/maven2/org/apache/maven/plugins/maven-jar-plugin/3.4.2/maven-jar-plugin-3.4.2.pom (7.7 kB at 192 kB/s)
[INFO] Downloading from central: https://repo.maven.apache.org/maven2/org/apache/maven/plugins/maven-plugins/42/maven-plugins-42.pom
[INFO] Downloaded from central: https://repo.maven.apache.org/maven2/org/apache/maven/plugins/maven-plugins/42/maven-plugins-42.pom (7.7 kB at 226 kB/s)
[INFO] Downloading from central: https://repo.maven.apache.org/maven2/org/apache/maven/maven-parent/42/maven-parent-42.pom
[INFO] Downloaded from central: https://repo.maven.apache.org/maven2/org/apache/maven/maven-parent/42/maven-parent-42.pom (50 kB at 1.5 MB/s)
[INFO] Downloading from central: https://repo.maven.apache.org/maven2/org/apache/apache/32/apache-32.pom
[INFO] Downloaded from central: https://repo.maven.apache.org/maven2/org/apache/apache/32/apache-32.pom (24 kB at 896 kB/s)
[INFO] Downloading from central: https://repo.maven.apache.org/maven2/org/junit/junit-bom/5.10.2/junit-bom-5.10.2.pom
[INFO] Downloaded from central: https://repo.maven.apache.org/maven2/org/junit/junit-bom/5.10.2/junit-bom-5.10.2.pom (5.6 kB at 171 kB/s)
[INFO] Downloading from central: https://repo.maven.apache.org/maven2/org/apache/maven/plugins/maven-jar-plugin/3.4.2/maven-jar-plugin-3.4.2.jar
[INFO] Downloaded from central: https://repo.maven.apache.org/maven2/org/apache/maven/plugins/maven-jar-plugin/3.4.2/maven-jar-plugin-3.4.2.jar (34 kB at 1.1 MB/s)
[INFO] Downloading from papermc: https://repo.papermc.io/repository/maven-public/io/papermc/paper/paper-api/26.3-pre-2.build.0-alpha/paper-api-26.3-pre-2.build.0-alpha.pom
[INFO] Downloaded from papermc: https://repo.papermc.io/repository/maven-public/io/papermc/paper/paper-api/26.3-pre-2.build.0-alpha/paper-api-26.3-pre-2.build.0-alpha.pom (5.2 kB at 17 kB/s)
[INFO] Downloading from papermc: https://repo.papermc.io/repository/maven-public/net/kyori/adventure-bom/5.2.0/adventure-bom-5.2.0.pom
[INFO] Downloaded from papermc: https://repo.papermc.io/repository/maven-public/net/kyori/adventure-bom/5.2.0/adventure-bom-5.2.0.pom (4.6 kB at 177 kB/s)
[INFO] Downloading from papermc: https://repo.papermc.io/repository/maven-public/com/google/guava/guava/33.6.0-jre/guava-33.6.0-jre.pom
[INFO] Downloaded from papermc: https://repo.papermc.io/repository/maven-public/com/google/guava/guava/33.6.0-jre/guava-33.6.0-jre.pom (9.8 kB at 350 kB/s)
[INFO] Downloading from papermc: https://repo.papermc.io/repository/maven-public/com/google/guava/guava-parent/33.6.0-jre/guava-parent-33.6.0-jre.pom
[INFO] Downloaded from papermc: https://repo.papermc.io/repository/maven-public/com/google/guava/guava-parent/33.6.0-jre/guava-parent-33.6.0-jre.pom (26 kB at 1.0 MB/s)
[INFO] Downloading from papermc: https://repo.papermc.io/repository/maven-public/com/google/guava/failureaccess/1.0.3/failureaccess-1.0.3.pom
[INFO] Downloaded from papermc: https://repo.papermc.io/repository/maven-public/com/google/guava/failureaccess/1.0.3/failureaccess-1.0.3.pom (5.6 kB at 222 kB/s)
[INFO] Downloading from papermc: https://repo.papermc.io/repository/maven-public/com/google/guava/guava-parent/33.4.0-android/guava-parent-33.4.0-android.pom
[INFO] Downloaded from papermc: https://repo.papermc.io/repository/maven-public/com/google/guava/guava-parent/33.4.0-android/guava-parent-33.4.0-android.pom (22 kB at 828 kB/s)
[INFO] Downloading from papermc: https://repo.papermc.io/repository/maven-public/com/google/guava/listenablefuture/9999.0-empty-to-avoid-conflict-with-guava/listenablefuture-9999.0-empty-to-avoid-conflict-with-guava.pom
[INFO] Downloaded from papermc: https://repo.papermc.io/repository/maven-public/com/google/guava/listenablefuture/9999.0-empty-to-avoid-conflict-with-guava/listenablefuture-9999.0-empty-to-avoid-conflict-with-guava.pom (2.3 kB at 114 kB/s)
[INFO] Downloading from papermc: https://repo.papermc.io/repository/maven-public/com/google/guava/guava-parent/26.0-android/guava-parent-26.0-android.pom
[INFO] Downloaded from papermc: https://repo.papermc.io/repository/maven-public/com/google/guava/guava-parent/26.0-android/guava-parent-26.0-android.pom (10 kB at 424 kB/s)
[INFO] Downloading from papermc: https://repo.papermc.io/repository/maven-public/org/sonatype/oss/oss-parent/9/oss-parent-9.pom
[INFO] Downloaded from papermc: https://repo.papermc.io/repository/maven-public/org/sonatype/oss/oss-parent/9/oss-parent-9.pom (6.3 kB at 273 kB/s)
[INFO] Downloading from papermc: https://repo.papermc.io/repository/maven-public/org/jspecify/jspecify/1.0.0/jspecify-1.0.0.pom
[INFO] Downloaded from papermc: https://repo.papermc.io/repository/maven-public/org/jspecify/jspecify/1.0.0/jspecify-1.0.0.pom (1.5 kB at 80 kB/s)
[INFO] Downloading from papermc: https://repo.papermc.io/repository/maven-public/com/google/errorprone/error_prone_annotations/2.47.0/error_prone_annotations-2.47.0.pom
[INFO] Downloaded from papermc: https://repo.papermc.io/repository/maven-public/com/google/errorprone/error_prone_annotations/2.47.0/error_prone_annotations-2.47.0.pom (4.3 kB at 236 kB/s)
[INFO] Downloading from papermc: https://repo.papermc.io/repository/maven-public/com/google/errorprone/error_prone_parent/2.47.0/error_prone_parent-2.47.0.pom
[INFO] Downloaded from papermc: https://repo.papermc.io/repository/maven-public/com/google/errorprone/error_prone_parent/2.47.0/error_prone_parent-2.47.0.pom (16 kB at 662 kB/s)
[INFO] Downloading from papermc: https://repo.papermc.io/repository/maven-public/com/google/j2objc/j2objc-annotations/3.1/j2objc-annotations-3.1.pom
[INFO] Downloaded from papermc: https://repo.papermc.io/repository/maven-public/com/google/j2objc/j2objc-annotations/3.1/j2objc-annotations-3.1.pom (5.4 kB at 301 kB/s)
[INFO] Downloading from papermc: https://repo.papermc.io/repository/maven-public/com/google/code/gson/gson/2.14.0/gson-2.14.0.pom
[INFO] Downloaded from papermc: https://repo.papermc.io/repository/maven-public/com/google/code/gson/gson/2.14.0/gson-2.14.0.pom (23 kB at 1.1 MB/s)
[INFO] Downloading from papermc: https://repo.papermc.io/repository/maven-public/com/google/code/gson/gson-parent/2.14.0/gson-parent-2.14.0.pom
[INFO] Downloaded from papermc: https://repo.papermc.io/repository/maven-public/com/google/code/gson/gson-parent/2.14.0/gson-parent-2.14.0.pom (27 kB at 1.2 MB/s)
[INFO] Downloading from papermc: https://repo.papermc.io/repository/maven-public/com/google/errorprone/error_prone_annotations/2.48.0/error_prone_annotations-2.48.0.pom
[INFO] Downloaded from papermc: https://repo.papermc.io/repository/maven-public/com/google/errorprone/error_prone_annotations/2.48.0/error_prone_annotations-2.48.0.pom (4.3 kB at 213 kB/s)
[INFO] Downloading from papermc: https://repo.papermc.io/repository/maven-public/com/google/errorprone/error_prone_parent/2.48.0/error_prone_parent-2.48.0.pom
[INFO] Downloaded from papermc: https://repo.papermc.io/repository/maven-public/com/google/errorprone/error_prone_parent/2.48.0/error_prone_parent-2.48.0.pom (16 kB at 756 kB/s)
[INFO] Downloading from papermc: https://repo.papermc.io/repository/maven-public/org/yaml/snakeyaml/2.2/snakeyaml-2.2.pom
[INFO] Downloaded from papermc: https://repo.papermc.io/repository/maven-public/org/yaml/snakeyaml/2.2/snakeyaml-2.2.pom (21 kB at 966 kB/s)
[INFO] Downloading from papermc: https://repo.papermc.io/repository/maven-public/org/joml/joml/1.10.8/joml-1.10.8.pom
[INFO] Downloaded from papermc: https://repo.papermc.io/repository/maven-public/org/joml/joml/1.10.8/joml-1.10.8.pom (1.5 kB at 69 kB/s)
[INFO] Downloading from papermc: https://repo.papermc.io/repository/maven-public/it/unimi/dsi/fastutil/8.5.18/fastutil-8.5.18.pom
[INFO] Downloaded from papermc: https://repo.papermc.io/repository/maven-public/it/unimi/dsi/fastutil/8.5.18/fastutil-8.5.18.pom (1.6 kB at 69 kB/s)
[INFO] Downloading from papermc: https://repo.papermc.io/repository/maven-public/org/apache/logging/log4j/log4j-api/2.26.0/log4j-api-2.26.0.pom
[INFO] Downloaded from papermc: https://repo.papermc.io/repository/maven-public/org/apache/logging/log4j/log4j-api/2.26.0/log4j-api-2.26.0.pom (4.5 kB at 215 kB/s)
[INFO] Downloading from papermc: https://repo.papermc.io/repository/maven-public/org/apache/logging/log4j/log4j/2.26.0/log4j-2.26.0.pom
[INFO] Downloaded from papermc: https://repo.papermc.io/repository/maven-public/org/apache/logging/log4j/log4j/2.26.0/log4j-2.26.0.pom (41 kB at 1.8 MB/s)
[INFO] Downloading from papermc: https://repo.papermc.io/repository/maven-public/org/apache/logging/log4j/log4j-bom/2.26.0/log4j-bom-2.26.0.pom
[INFO] Downloaded from papermc: https://repo.papermc.io/repository/maven-public/org/apache/logging/log4j/log4j-bom/2.26.0/log4j-bom-2.26.0.pom (12 kB at 472 kB/s)
[INFO] Downloading from papermc: https://repo.papermc.io/repository/maven-public/org/apache/groovy/groovy-bom/4.0.27/groovy-bom-4.0.27.pom
[INFO] Downloaded from papermc: https://repo.papermc.io/repository/maven-public/org/apache/groovy/groovy-bom/4.0.27/groovy-bom-4.0.27.pom (27 kB at 941 kB/s)
[INFO] Downloading from papermc: https://repo.papermc.io/repository/maven-public/com/fasterxml/jackson/jackson-bom/2.19.2/jackson-bom-2.19.2.pom
[INFO] Downloaded from papermc: https://repo.papermc.io/repository/maven-public/com/fasterxml/jackson/jackson-bom/2.19.2/jackson-bom-2.19.2.pom (20 kB at 866 kB/s)
[INFO] Downloading from papermc: https://repo.papermc.io/repository/maven-public/com/fasterxml/jackson/jackson-parent/2.19.3/jackson-parent-2.19.3.pom
[INFO] Downloaded from papermc: https://repo.papermc.io/repository/maven-public/com/fasterxml/jackson/jackson-parent/2.19.3/jackson-parent-2.19.3.pom (6.5 kB at 260 kB/s)
[INFO] Downloading from papermc: https://repo.papermc.io/repository/maven-public/com/fasterxml/oss-parent/69/oss-parent-69.pom
[INFO] Downloaded from papermc: https://repo.papermc.io/repository/maven-public/com/fasterxml/oss-parent/69/oss-parent-69.pom (24 kB at 876 kB/s)
[INFO] Downloading from papermc: https://repo.papermc.io/repository/maven-public/jakarta/platform/jakarta.jakartaee-bom/9.1.0/jakarta.jakartaee-bom-9.1.0.pom
[INFO] Downloaded from papermc: https://repo.papermc.io/repository/maven-public/jakarta/platform/jakarta.jakartaee-bom/9.1.0/jakarta.jakartaee-bom-9.1.0.pom (9.6 kB at 478 kB/s)
[INFO] Downloading from papermc: https://repo.papermc.io/repository/maven-public/jakarta/platform/jakartaee-api-parent/9.1.0/jakartaee-api-parent-9.1.0.pom
[INFO] Downloaded from papermc: https://repo.papermc.io/repository/maven-public/jakarta/platform/jakartaee-api-parent/9.1.0/jakartaee-api-parent-9.1.0.pom (15 kB at 675 kB/s)
[INFO] Downloading from papermc: https://repo.papermc.io/repository/maven-public/org/eclipse/ee4j/project/1.0.7/project-1.0.7.pom
[INFO] Downloaded from papermc: https://repo.papermc.io/repository/maven-public/org/eclipse/ee4j/project/1.0.7/project-1.0.7.pom (14 kB at 591 kB/s)
[INFO] Downloading from papermc: https://repo.papermc.io/repository/maven-public/org/junit/junit-bom/5.13.4/junit-bom-5.13.4.pom
[INFO] Downloaded from papermc: https://repo.papermc.io/repository/maven-public/org/junit/junit-bom/5.13.4/junit-bom-5.13.4.pom (5.7 kB at 246 kB/s)
[INFO] Downloading from papermc: https://repo.papermc.io/repository/maven-public/org/mockito/mockito-bom/4.11.0/mockito-bom-4.11.0.pom
[INFO] Downloaded from papermc: https://repo.papermc.io/repository/maven-public/org/mockito/mockito-bom/4.11.0/mockito-bom-4.11.0.pom (3.2 kB at 158 kB/s)
[INFO] Downloading from papermc: https://repo.papermc.io/repository/maven-public/org/springframework/spring-framework-bom/5.3.39/spring-framework-bom-5.3.39.pom
[INFO] Downloaded from papermc: https://repo.papermc.io/repository/maven-public/org/springframework/spring-framework-bom/5.3.39/spring-framework-bom-5.3.39.pom (5.7 kB at 226 kB/s)
[INFO] Downloading from papermc: https://repo.papermc.io/repository/maven-public/org/slf4j/slf4j-api/2.0.17/slf4j-api-2.0.17.pom
[INFO] Downloaded from papermc: https://repo.papermc.io/repository/maven-public/org/slf4j/slf4j-api/2.0.17/slf4j-api-2.0.17.pom (2.8 kB at 128 kB/s)
[INFO] Downloading from papermc: https://repo.papermc.io/repository/maven-public/org/slf4j/slf4j-parent/2.0.17/slf4j-parent-2.0.17.pom
[INFO] Downloaded from papermc: https://repo.papermc.io/repository/maven-public/org/slf4j/slf4j-parent/2.0.17/slf4j-parent-2.0.17.pom (13 kB at 636 kB/s)
[INFO] Downloading from papermc: https://repo.papermc.io/repository/maven-public/org/slf4j/slf4j-bom/2.0.17/slf4j-bom-2.0.17.pom
[INFO] Downloaded from papermc: https://repo.papermc.io/repository/maven-public/org/slf4j/slf4j-bom/2.0.17/slf4j-bom-2.0.17.pom (7.3 kB at 348 kB/s)
[INFO] Downloading from papermc: https://repo.papermc.io/repository/maven-public/com/mojang/brigadier/1.3.10/brigadier-1.3.10.pom
[INFO] Downloaded from papermc: https://repo.papermc.io/repository/maven-public/com/mojang/brigadier/1.3.10/brigadier-1.3.10.pom (393 B at 2.1 kB/s)
[INFO] Downloading from papermc: https://repo.papermc.io/repository/maven-public/net/md-5/bungeecord-chat/1.21-R0.2-deprecated+build.21/bungeecord-chat-1.21-R0.2-deprecated+build.21.pom
[INFO] Downloaded from papermc: https://repo.papermc.io/repository/maven-public/net/md-5/bungeecord-chat/1.21-R0.2-deprecated+build.21/bungeecord-chat-1.21-R0.2-deprecated+build.21.pom (1.2 kB at 53 kB/s)
[INFO] Downloading from papermc: https://repo.papermc.io/repository/maven-public/com/google/code/gson/gson/2.8.8/gson-2.8.8.pom
[INFO] Downloaded from papermc: https://repo.papermc.io/repository/maven-public/com/google/code/gson/gson/2.8.8/gson-2.8.8.pom (6.0 kB at 284 kB/s)
[INFO] Downloading from papermc: https://repo.papermc.io/repository/maven-public/com/google/code/gson/gson-parent/2.8.8/gson-parent-2.8.8.pom
[INFO] Downloaded from papermc: https://repo.papermc.io/repository/maven-public/com/google/code/gson/gson-parent/2.8.8/gson-parent-2.8.8.pom (4.6 kB at 231 kB/s)
[INFO] Downloading from papermc: https://repo.papermc.io/repository/maven-public/org/sonatype/oss/oss-parent/7/oss-parent-7.pom
[INFO] Downloaded from papermc: https://repo.papermc.io/repository/maven-public/org/sonatype/oss/oss-parent/7/oss-parent-7.pom (4.6 kB at 171 kB/s)
[INFO] Downloading from papermc: https://repo.papermc.io/repository/maven-public/org/apache/maven/maven-resolver-provider/3.9.6/maven-resolver-provider-3.9.6.pom
[INFO] Downloaded from papermc: https://repo.papermc.io/repository/maven-public/org/apache/maven/maven-resolver-provider/3.9.6/maven-resolver-provider-3.9.6.pom (4.5 kB at 225 kB/s)
[INFO] Downloading from papermc: https://repo.papermc.io/repository/maven-public/org/apache/maven/maven/3.9.6/maven-3.9.6.pom
[INFO] Downloaded from papermc: https://repo.papermc.io/repository/maven-public/org/apache/maven/maven/3.9.6/maven-3.9.6.pom (29 kB at 1.2 MB/s)
[INFO] Downloading from papermc: https://repo.papermc.io/repository/maven-public/org/apache/maven/maven-model/3.9.6/maven-model-3.9.6.pom
[INFO] Downloaded from papermc: https://repo.papermc.io/repository/maven-public/org/apache/maven/maven-model/3.9.6/maven-model-3.9.6.pom (2.7 kB at 109 kB/s)
[INFO] Downloading from papermc: https://repo.papermc.io/repository/maven-public/org/codehaus/plexus/plexus-utils/3.5.1/plexus-utils-3.5.1.pom
[INFO] Downloaded from papermc: https://repo.papermc.io/repository/maven-public/org/codehaus/plexus/plexus-utils/3.5.1/plexus-utils-3.5.1.pom (8.8 kB at 399 kB/s)
[INFO] Downloading from papermc: https://repo.papermc.io/repository/maven-public/org/codehaus/plexus/plexus/10/plexus-10.pom
[INFO] Downloaded from papermc: https://repo.papermc.io/repository/maven-public/org/codehaus/plexus/plexus/10/plexus-10.pom (25 kB at 1.1 MB/s)
[INFO] Downloading from papermc: https://repo.papermc.io/repository/maven-public/org/apache/maven/maven-model-builder/3.9.6/maven-model-builder-3.9.6.pom
[INFO] Downloaded from papermc: https://repo.papermc.io/repository/maven-public/org/apache/maven/maven-model-builder/3.9.6/maven-model-builder-3.9.6.pom (3.5 kB at 161 kB/s)
[INFO] Downloading from papermc: https://repo.papermc.io/repository/maven-public/org/codehaus/plexus/plexus-interpolation/1.26/plexus-interpolation-1.26.pom
[INFO] Downloaded from papermc: https://repo.papermc.io/repository/maven-public/org/codehaus/plexus/plexus-interpolation/1.26/plexus-interpolation-1.26.pom (2.7 kB at 106 kB/s)
[INFO] Downloading from papermc: https://repo.papermc.io/repository/maven-public/org/codehaus/plexus/plexus/5.1/plexus-5.1.pom
[INFO] Downloaded from papermc: https://repo.papermc.io/repository/maven-public/org/codehaus/plexus/plexus/5.1/plexus-5.1.pom (23 kB at 978 kB/s)
[INFO] Downloading from papermc: https://repo.papermc.io/repository/maven-public/javax/inject/javax.inject/1/javax.inject-1.pom
[INFO] Downloaded from papermc: https://repo.papermc.io/repository/maven-public/javax/inject/javax.inject/1/javax.inject-1.pom (612 B at 19 kB/s)
[INFO] Downloading from papermc: https://repo.papermc.io/repository/maven-public/org/apache/maven/maven-artifact/3.9.6/maven-artifact-3.9.6.pom
[INFO] Downloaded from papermc: https://repo.papermc.io/repository/maven-public/org/apache/maven/maven-artifact/3.9.6/maven-artifact-3.9.6.pom (2.3 kB at 110 kB/s)
[INFO] Downloading from papermc: https://repo.papermc.io/repository/maven-public/org/apache/commons/commons-lang3/3.12.0/commons-lang3-3.12.0.pom
[INFO] Downloaded from papermc: https://repo.papermc.io/repository/maven-public/org/apache/commons/commons-lang3/3.12.0/commons-lang3-3.12.0.pom (31 kB at 1.3 MB/s)
[INFO] Downloading from papermc: https://repo.papermc.io/repository/maven-public/org/apache/commons/commons-parent/52/commons-parent-52.pom
[INFO] Downloaded from papermc: https://repo.papermc.io/repository/maven-public/org/apache/commons/commons-parent/52/commons-parent-52.pom (79 kB at 3.4 MB/s)
[INFO] Downloading from papermc: https://repo.papermc.io/repository/maven-public/org/apache/apache/23/apache-23.pom
[INFO] Downloaded from papermc: https://repo.papermc.io/repository/maven-public/org/apache/apache/23/apache-23.pom (18 kB at 796 kB/s)
[INFO] Downloading from papermc: https://repo.papermc.io/repository/maven-public/org/junit/junit-bom/5.7.1/junit-bom-5.7.1.pom
[INFO] Downloaded from papermc: https://repo.papermc.io/repository/maven-public/org/junit/junit-bom/5.7.1/junit-bom-5.7.1.pom (5.1 kB at 255 kB/s)
[INFO] Downloading from papermc: https://repo.papermc.io/repository/maven-public/org/apache/maven/maven-builder-support/3.9.6/maven-builder-support-3.9.6.pom
[INFO] Downloaded from papermc: https://repo.papermc.io/repository/maven-public/org/apache/maven/maven-builder-support/3.9.6/maven-builder-support-3.9.6.pom (1.4 kB at 76 kB/s)
[INFO] Downloading from papermc: https://repo.papermc.io/repository/maven-public/org/eclipse/sisu/org.eclipse.sisu.inject/0.9.0.M2/org.eclipse.sisu.inject-0.9.0.M2.pom
[INFO] Downloaded from papermc: https://repo.papermc.io/repository/maven-public/org/eclipse/sisu/org.eclipse.sisu.inject/0.9.0.M2/org.eclipse.sisu.inject-0.9.0.M2.pom (17 kB at 788 kB/s)
[INFO] Downloading from papermc: https://repo.papermc.io/repository/maven-public/org/eclipse/sisu/sisu-inject/0.9.0.M2/sisu-inject-0.9.0.M2.pom
[INFO] Downloaded from papermc: https://repo.papermc.io/repository/maven-public/org/eclipse/sisu/sisu-inject/0.9.0.M2/sisu-inject-0.9.0.M2.pom (15 kB at 675 kB/s)
[INFO] Downloading from papermc: https://repo.papermc.io/repository/maven-public/org/apache/maven/maven-repository-metadata/3.9.6/maven-repository-metadata-3.9.6.pom
[INFO] Downloaded from papermc: https://repo.papermc.io/repository/maven-public/org/apache/maven/maven-repository-metadata/3.9.6/maven-repository-metadata-3.9.6.pom (2.1 kB at 93 kB/s)
[INFO] Downloading from papermc: https://repo.papermc.io/repository/maven-public/org/apache/maven/resolver/maven-resolver-api/1.9.18/maven-resolver-api-1.9.18.pom
[INFO] Downloaded from papermc: https://repo.papermc.io/repository/maven-public/org/apache/maven/resolver/maven-resolver-api/1.9.18/maven-resolver-api-1.9.18.pom (2.7 kB at 96 kB/s)
[INFO] Downloading from papermc: https://repo.papermc.io/repository/maven-public/org/apache/maven/resolver/maven-resolver/1.9.18/maven-resolver-1.9.18.pom
[INFO] Downloaded from papermc: https://repo.papermc.io/repository/maven-public/org/apache/maven/resolver/maven-resolver/1.9.18/maven-resolver-1.9.18.pom (22 kB at 930 kB/s)
[INFO] Downloading from papermc: https://repo.papermc.io/repository/maven-public/org/apache/maven/resolver/maven-resolver-spi/1.9.18/maven-resolver-spi-1.9.18.pom
[INFO] Downloaded from papermc: https://repo.papermc.io/repository/maven-public/org/apache/maven/resolver/maven-resolver-spi/1.9.18/maven-resolver-spi-1.9.18.pom (2.7 kB at 118 kB/s)
[INFO] Downloading from papermc: https://repo.papermc.io/repository/maven-public/org/apache/maven/resolver/maven-resolver-util/1.9.18/maven-resolver-util-1.9.18.pom
[INFO] Downloaded from papermc: https://repo.papermc.io/repository/maven-public/org/apache/maven/resolver/maven-resolver-util/1.9.18/maven-resolver-util-1.9.18.pom (2.9 kB at 136 kB/s)
[INFO] Downloading from papermc: https://repo.papermc.io/repository/maven-public/org/apache/maven/resolver/maven-resolver-impl/1.9.18/maven-resolver-impl-1.9.18.pom
[INFO] Downloaded from papermc: https://repo.papermc.io/repository/maven-public/org/apache/maven/resolver/maven-resolver-impl/1.9.18/maven-resolver-impl-1.9.18.pom (4.3 kB at 216 kB/s)
[INFO] Downloading from papermc: https://repo.papermc.io/repository/maven-public/org/apache/maven/resolver/maven-resolver-named-locks/1.9.18/maven-resolver-named-locks-1.9.18.pom
[INFO] Downloaded from papermc: https://repo.papermc.io/repository/maven-public/org/apache/maven/resolver/maven-resolver-named-locks/1.9.18/maven-resolver-named-locks-1.9.18.pom (3.2 kB at 169 kB/s)
[INFO] Downloading from papermc: https://repo.papermc.io/repository/maven-public/org/slf4j/slf4j-api/1.7.36/slf4j-api-1.7.36.pom
[INFO] Downloaded from papermc: https://repo.papermc.io/repository/maven-public/org/slf4j/slf4j-api/1.7.36/slf4j-api-1.7.36.pom (2.7 kB at 114 kB/s)
[INFO] Downloading from papermc: https://repo.papermc.io/repository/maven-public/org/slf4j/slf4j-parent/1.7.36/slf4j-parent-1.7.36.pom
[INFO] Downloaded from papermc: https://repo.papermc.io/repository/maven-public/org/slf4j/slf4j-parent/1.7.36/slf4j-parent-1.7.36.pom (14 kB at 484 kB/s)
[INFO] Downloading from papermc: https://repo.papermc.io/repository/maven-public/net/kyori/adventure-api/5.2.0/adventure-api-5.2.0.pom
[INFO] Downloaded from papermc: https://repo.papermc.io/repository/maven-public/net/kyori/adventure-api/5.2.0/adventure-api-5.2.0.pom (3.0 kB at 114 kB/s)
[INFO] Downloading from papermc: https://repo.papermc.io/repository/maven-public/net/kyori/adventure-key/5.2.0/adventure-key-5.2.0.pom
[INFO] Downloaded from papermc: https://repo.papermc.io/repository/maven-public/net/kyori/adventure-key/5.2.0/adventure-key-5.2.0.pom (3.0 kB at 114 kB/s)
[INFO] Downloading from papermc: https://repo.papermc.io/repository/maven-public/org/jetbrains/annotations/26.1.0/annotations-26.1.0.pom
[INFO] Downloaded from papermc: https://repo.papermc.io/repository/maven-public/org/jetbrains/annotations/26.1.0/annotations-26.1.0.pom (1.7 kB at 80 kB/s)
[INFO] Downloading from papermc: https://repo.papermc.io/repository/maven-public/net/kyori/adventure-text-minimessage/5.2.0/adventure-text-minimessage-5.2.0.pom
[INFO] Downloaded from papermc: https://repo.papermc.io/repository/maven-public/net/kyori/adventure-text-minimessage/5.2.0/adventure-text-minimessage-5.2.0.pom (2.9 kB at 150 kB/s)
[INFO] Downloading from papermc: https://repo.papermc.io/repository/maven-public/net/kyori/adventure-text-serializer-gson/5.2.0/adventure-text-serializer-gson-5.2.0.pom
[INFO] Downloaded from papermc: https://repo.papermc.io/repository/maven-public/net/kyori/adventure-text-serializer-gson/5.2.0/adventure-text-serializer-gson-5.2.0.pom (3.4 kB at 170 kB/s)
[INFO] Downloading from papermc: https://repo.papermc.io/repository/maven-public/net/kyori/adventure-text-serializer-json/5.2.0/adventure-text-serializer-json-5.2.0.pom
[INFO] Downloaded from papermc: https://repo.papermc.io/repository/maven-public/net/kyori/adventure-text-serializer-json/5.2.0/adventure-text-serializer-json-5.2.0.pom (3.2 kB at 110 kB/s)
[INFO] Downloading from papermc: https://repo.papermc.io/repository/maven-public/net/kyori/option/1.1.0/option-1.1.0.pom
[INFO] Downloaded from papermc: https://repo.papermc.io/repository/maven-public/net/kyori/option/1.1.0/option-1.1.0.pom (2.2 kB at 91 kB/s)
[INFO] Downloading from papermc: https://repo.papermc.io/repository/maven-public/org/jetbrains/annotations/26.0.2/annotations-26.0.2.pom
[INFO] Downloaded from papermc: https://repo.papermc.io/repository/maven-public/org/jetbrains/annotations/26.0.2/annotations-26.0.2.pom (1.7 kB at 9.2 kB/s)
[INFO] Downloading from papermc: https://repo.papermc.io/repository/maven-public/net/kyori/adventure-text-serializer-commons/5.2.0/adventure-text-serializer-commons-5.2.0.pom
[INFO] Downloaded from papermc: https://repo.papermc.io/repository/maven-public/net/kyori/adventure-text-serializer-commons/5.2.0/adventure-text-serializer-commons-5.2.0.pom (3.0 kB at 136 kB/s)
[INFO] Downloading from papermc: https://repo.papermc.io/repository/maven-public/com/google/code/gson/gson/2.13.2/gson-2.13.2.pom
[INFO] Downloaded from papermc: https://repo.papermc.io/repository/maven-public/com/google/code/gson/gson/2.13.2/gson-2.13.2.pom (13 kB at 450 kB/s)
[INFO] Downloading from papermc: https://repo.papermc.io/repository/maven-public/com/google/code/gson/gson-parent/2.13.2/gson-parent-2.13.2.pom
[INFO] Downloaded from papermc: https://repo.papermc.io/repository/maven-public/com/google/code/gson/gson-parent/2.13.2/gson-parent-2.13.2.pom (27 kB at 1.2 MB/s)
[INFO] Downloading from papermc: https://repo.papermc.io/repository/maven-public/com/google/errorprone/error_prone_annotations/2.41.0/error_prone_annotations-2.41.0.pom
[INFO] Downloaded from papermc: https://repo.papermc.io/repository/maven-public/com/google/errorprone/error_prone_annotations/2.41.0/error_prone_annotations-2.41.0.pom (4.3 kB at 152 kB/s)
[INFO] Downloading from papermc: https://repo.papermc.io/repository/maven-public/com/google/errorprone/error_prone_parent/2.41.0/error_prone_parent-2.41.0.pom
[INFO] Downloaded from papermc: https://repo.papermc.io/repository/maven-public/com/google/errorprone/error_prone_parent/2.41.0/error_prone_parent-2.41.0.pom (16 kB at 796 kB/s)
[INFO] Downloading from papermc: https://repo.papermc.io/repository/maven-public/com/google/auto/service/auto-service-annotations/1.1.1/auto-service-annotations-1.1.1.pom
[INFO] Downloaded from papermc: https://repo.papermc.io/repository/maven-public/com/google/auto/service/auto-service-annotations/1.1.1/auto-service-annotations-1.1.1.pom (2.3 kB at 11 kB/s)
[INFO] Downloading from papermc: https://repo.papermc.io/repository/maven-public/com/google/auto/service/auto-service-aggregator/1.1.1/auto-service-aggregator-1.1.1.pom
[INFO] Downloaded from papermc: https://repo.papermc.io/repository/maven-public/com/google/auto/service/auto-service-aggregator/1.1.1/auto-service-aggregator-1.1.1.pom (4.3 kB at 22 kB/s)
[INFO] Downloading from papermc: https://repo.papermc.io/repository/maven-public/net/kyori/adventure-text-serializer-legacy/5.2.0/adventure-text-serializer-legacy-5.2.0.pom
[INFO] Downloaded from papermc: https://repo.papermc.io/repository/maven-public/net/kyori/adventure-text-serializer-legacy/5.2.0/adventure-text-serializer-legacy-5.2.0.pom (2.8 kB at 91 kB/s)
[INFO] Downloading from papermc: https://repo.papermc.io/repository/maven-public/net/kyori/adventure-text-serializer-plain/5.2.0/adventure-text-serializer-plain-5.2.0.pom
[INFO] Downloaded from papermc: https://repo.papermc.io/repository/maven-public/net/kyori/adventure-text-serializer-plain/5.2.0/adventure-text-serializer-plain-5.2.0.pom (2.8 kB at 118 kB/s)
[INFO] Downloading from papermc: https://repo.papermc.io/repository/maven-public/net/kyori/adventure-text-logger-slf4j/5.2.0/adventure-text-logger-slf4j-5.2.0.pom
[INFO] Downloaded from papermc: https://repo.papermc.io/repository/maven-public/net/kyori/adventure-text-logger-slf4j/5.2.0/adventure-text-logger-slf4j-5.2.0.pom (2.8 kB at 134 kB/s)
[INFO] Downloading from papermc: https://repo.papermc.io/repository/maven-public/org/checkerframework/checker-qual/3.49.2/checker-qual-3.49.2.pom
[INFO] Downloaded from papermc: https://repo.papermc.io/repository/maven-public/org/checkerframework/checker-qual/3.49.2/checker-qual-3.49.2.pom (2.1 kB at 91 kB/s)
[INFO] Downloading from papermc: https://repo.papermc.io/repository/maven-public/org/apache/maven/resolver/maven-resolver-connector-basic/1.9.18/maven-resolver-connector-basic-1.9.18.pom
[INFO] Downloaded from papermc: https://repo.papermc.io/repository/maven-public/org/apache/maven/resolver/maven-resolver-connector-basic/1.9.18/maven-resolver-connector-basic-1.9.18.pom (3.7 kB at 20 kB/s)
[INFO] Downloading from papermc: https://repo.papermc.io/repository/maven-public/org/apache/maven/resolver/maven-resolver-transport-http/1.9.18/maven-resolver-transport-http-1.9.18.pom
[INFO] Downloaded from papermc: https://repo.papermc.io/repository/maven-public/org/apache/maven/resolver/maven-resolver-transport-http/1.9.18/maven-resolver-transport-http-1.9.18.pom (5.6 kB at 31 kB/s)
[INFO] Downloading from papermc: https://repo.papermc.io/repository/maven-public/org/apache/httpcomponents/httpclient/4.5.14/httpclient-4.5.14.pom
[INFO] Downloaded from papermc: https://repo.papermc.io/repository/maven-public/org/apache/httpcomponents/httpclient/4.5.14/httpclient-4.5.14.pom (6.6 kB at 35 kB/s)
[INFO] Downloading from papermc: https://repo.papermc.io/repository/maven-public/org/apache/httpcomponents/httpcomponents-client/4.5.14/httpcomponents-client-4.5.14.pom
[INFO] Downloaded from papermc: https://repo.papermc.io/repository/maven-public/org/apache/httpcomponents/httpcomponents-client/4.5.14/httpcomponents-client-4.5.14.pom (15 kB at 84 kB/s)
[INFO] Downloading from papermc: https://repo.papermc.io/repository/maven-public/org/apache/httpcomponents/httpcomponents-parent/11/httpcomponents-parent-11.pom
[INFO] Downloaded from papermc: https://repo.papermc.io/repository/maven-public/org/apache/httpcomponents/httpcomponents-parent/11/httpcomponents-parent-11.pom (35 kB at 185 kB/s)
[INFO] Downloading from papermc: https://repo.papermc.io/repository/maven-public/org/apache/apache/21/apache-21.pom
[INFO] Downloaded from papermc: https://repo.papermc.io/repository/maven-public/org/apache/apache/21/apache-21.pom (17 kB at 89 kB/s)
[INFO] Downloading from papermc: https://repo.papermc.io/repository/maven-public/org/apache/httpcomponents/httpcore/4.4.16/httpcore-4.4.16.pom
[INFO] Downloaded from papermc: https://repo.papermc.io/repository/maven-public/org/apache/httpcomponents/httpcore/4.4.16/httpcore-4.4.16.pom (5.0 kB at 27 kB/s)
[INFO] Downloading from papermc: https://repo.papermc.io/repository/maven-public/org/apache/httpcomponents/httpcomponents-core/4.4.16/httpcomponents-core-4.4.16.pom
[INFO] Downloaded from papermc: https://repo.papermc.io/repository/maven-public/org/apache/httpcomponents/httpcomponents-core/4.4.16/httpcomponents-core-4.4.16.pom (12 kB at 65 kB/s)
[INFO] Downloading from papermc: https://repo.papermc.io/repository/maven-public/commons-codec/commons-codec/1.16.0/commons-codec-1.16.0.pom
[INFO] Downloaded from papermc: https://repo.papermc.io/repository/maven-public/commons-codec/commons-codec/1.16.0/commons-codec-1.16.0.pom (16 kB at 82 kB/s)
[INFO] Downloading from papermc: https://repo.papermc.io/repository/maven-public/org/apache/commons/commons-parent/58/commons-parent-58.pom
[INFO] Downloaded from papermc: https://repo.papermc.io/repository/maven-public/org/apache/commons/commons-parent/58/commons-parent-58.pom (83 kB at 413 kB/s)
[INFO] Downloading from papermc: https://repo.papermc.io/repository/maven-public/org/apache/apache/29/apache-29.pom
[INFO] Downloaded from papermc: https://repo.papermc.io/repository/maven-public/org/apache/apache/29/apache-29.pom (21 kB at 110 kB/s)
[INFO] Downloading from papermc: https://repo.papermc.io/repository/maven-public/org/junit/junit-bom/5.9.3/junit-bom-5.9.3.pom
[INFO] Downloaded from papermc: https://repo.papermc.io/repository/maven-public/org/junit/junit-bom/5.9.3/junit-bom-5.9.3.pom (5.6 kB at 30 kB/s)
[INFO] Downloading from papermc: https://repo.papermc.io/repository/maven-public/org/slf4j/jcl-over-slf4j/1.7.36/jcl-over-slf4j-1.7.36.pom
[INFO] Downloaded from papermc: https://repo.papermc.io/repository/maven-public/org/slf4j/jcl-over-slf4j/1.7.36/jcl-over-slf4j-1.7.36.pom (1.2 kB at 5.9 kB/s)
[INFO] Downloading from papermc: https://repo.papermc.io/repository/maven-public/me/clip/placeholderapi/2.11.6/placeholderapi-2.11.6.pom
[INFO] Downloading from placeholderapi: https://repo.extendedclip.com/content/repositories/placeholderapi/me/clip/placeholderapi/2.11.6/placeholderapi-2.11.6.pom
[INFO] Downloaded from placeholderapi: https://repo.extendedclip.com/content/repositories/placeholderapi/me/clip/placeholderapi/2.11.6/placeholderapi-2.11.6.pom (1.4 kB at 921 B/s)
[INFO] Downloading from papermc: https://repo.papermc.io/repository/maven-public/org/jetbrains/annotations/23.0.0/annotations-23.0.0.pom
[INFO] Downloaded from papermc: https://repo.papermc.io/repository/maven-public/org/jetbrains/annotations/23.0.0/annotations-23.0.0.pom (1.4 kB at 7.2 kB/s)
[INFO] Downloading from papermc: https://repo.papermc.io/repository/maven-public/org/bstats/bstats-bukkit/3.0.1/bstats-bukkit-3.0.1.pom
[INFO] Downloaded from papermc: https://repo.papermc.io/repository/maven-public/org/bstats/bstats-bukkit/3.0.1/bstats-bukkit-3.0.1.pom (1.7 kB at 9.3 kB/s)
[INFO] Downloading from papermc: https://repo.papermc.io/repository/maven-public/org/bstats/bstats-base/3.0.1/bstats-base-3.0.1.pom
[INFO] Downloaded from papermc: https://repo.papermc.io/repository/maven-public/org/bstats/bstats-base/3.0.1/bstats-base-3.0.1.pom (1.5 kB at 8.4 kB/s)
[INFO] Downloading from papermc: https://repo.papermc.io/repository/maven-public/net/kyori/adventure-platform-bukkit/4.3.2/adventure-platform-bukkit-4.3.2.pom
[INFO] Downloaded from papermc: https://repo.papermc.io/repository/maven-public/net/kyori/adventure-platform-bukkit/4.3.2/adventure-platform-bukkit-4.3.2.pom (4.0 kB at 20 kB/s)
[INFO] Downloading from papermc: https://repo.papermc.io/repository/maven-public/net/kyori/adventure-platform-api/4.3.2/adventure-platform-api-4.3.2.pom
[INFO] Downloaded from papermc: https://repo.papermc.io/repository/maven-public/net/kyori/adventure-platform-api/4.3.2/adventure-platform-api-4.3.2.pom (2.3 kB at 12 kB/s)
[INFO] Downloading from papermc: https://repo.papermc.io/repository/maven-public/net/kyori/adventure-api/4.13.1/adventure-api-4.13.1.pom
[INFO] Downloaded from papermc: https://repo.papermc.io/repository/maven-public/net/kyori/adventure-api/4.13.1/adventure-api-4.13.1.pom (3.4 kB at 16 kB/s)
[INFO] Downloading from papermc: https://repo.papermc.io/repository/maven-public/net/kyori/adventure-bom/4.13.1/adventure-bom-4.13.1.pom
[INFO] Downloaded from papermc: https://repo.papermc.io/repository/maven-public/net/kyori/adventure-bom/4.13.1/adventure-bom-4.13.1.pom (4.6 kB at 25 kB/s)
[INFO] Downloading from papermc: https://repo.papermc.io/repository/maven-public/net/kyori/adventure-key/4.13.1/adventure-key-4.13.1.pom
[INFO] Downloaded from papermc: https://repo.papermc.io/repository/maven-public/net/kyori/adventure-key/4.13.1/adventure-key-4.13.1.pom (3.2 kB at 16 kB/s)
[INFO] Downloading from papermc: https://repo.papermc.io/repository/maven-public/net/kyori/examination-api/1.3.0/examination-api-1.3.0.pom
[INFO] Downloaded from papermc: https://repo.papermc.io/repository/maven-public/net/kyori/examination-api/1.3.0/examination-api-1.3.0.pom (2.1 kB at 85 kB/s)
[INFO] Downloading from papermc: https://repo.papermc.io/repository/maven-public/org/jetbrains/annotations/22.0.0/annotations-22.0.0.pom
[INFO] Downloaded from papermc: https://repo.papermc.io/repository/maven-public/org/jetbrains/annotations/22.0.0/annotations-22.0.0.pom (1.3 kB at 60 kB/s)
[INFO] Downloading from papermc: https://repo.papermc.io/repository/maven-public/net/kyori/examination-string/1.3.0/examination-string-1.3.0.pom
[INFO] Downloaded from papermc: https://repo.papermc.io/repository/maven-public/net/kyori/examination-string/1.3.0/examination-string-1.3.0.pom (2.1 kB at 93 kB/s)
[INFO] Downloading from papermc: https://repo.papermc.io/repository/maven-public/org/jetbrains/annotations/24.0.1/annotations-24.0.1.pom
[INFO] Downloaded from papermc: https://repo.papermc.io/repository/maven-public/org/jetbrains/annotations/24.0.1/annotations-24.0.1.pom (1.3 kB at 6.4 kB/s)
[INFO] Downloading from papermc: https://repo.papermc.io/repository/maven-public/net/kyori/adventure-text-serializer-bungeecord/4.3.2/adventure-text-serializer-bungeecord-4.3.2.pom
[INFO] Downloaded from papermc: https://repo.papermc.io/repository/maven-public/net/kyori/adventure-text-serializer-bungeecord/4.3.2/adventure-text-serializer-bungeecord-4.3.2.pom (2.9 kB at 14 kB/s)
[INFO] Downloading from papermc: https://repo.papermc.io/repository/maven-public/net/kyori/adventure-text-serializer-legacy/4.13.1/adventure-text-serializer-legacy-4.13.1.pom
[INFO] Downloaded from papermc: https://repo.papermc.io/repository/maven-public/net/kyori/adventure-text-serializer-legacy/4.13.1/adventure-text-serializer-legacy-4.13.1.pom (2.9 kB at 15 kB/s)
[INFO] Downloading from papermc: https://repo.papermc.io/repository/maven-public/net/kyori/adventure-text-serializer-gson/4.13.1/adventure-text-serializer-gson-4.13.1.pom
[INFO] Downloaded from papermc: https://repo.papermc.io/repository/maven-public/net/kyori/adventure-text-serializer-gson/4.13.1/adventure-text-serializer-gson-4.13.1.pom (3.0 kB at 16 kB/s)
[INFO] Downloading from papermc: https://repo.papermc.io/repository/maven-public/net/kyori/adventure-nbt/4.13.1/adventure-nbt-4.13.1.pom
[INFO] Downloaded from papermc: https://repo.papermc.io/repository/maven-public/net/kyori/adventure-nbt/4.13.1/adventure-nbt-4.13.1.pom (3.2 kB at 17 kB/s)
[INFO] Downloading from papermc: https://repo.papermc.io/repository/maven-public/net/kyori/adventure-text-serializer-gson-legacy-impl/4.13.1/adventure-text-serializer-gson-legacy-impl-4.13.1.pom
[INFO] Downloaded from papermc: https://repo.papermc.io/repository/maven-public/net/kyori/adventure-text-serializer-gson-legacy-impl/4.13.1/adventure-text-serializer-gson-legacy-impl-4.13.1.pom (3.2 kB at 16 kB/s)
[INFO] Downloading from papermc: https://repo.papermc.io/repository/maven-public/net/kyori/adventure-platform-facet/4.3.2/adventure-platform-facet-4.3.2.pom
[INFO] Downloaded from papermc: https://repo.papermc.io/repository/maven-public/net/kyori/adventure-platform-facet/4.3.2/adventure-platform-facet-4.3.2.pom (2.5 kB at 13 kB/s)
[INFO] Downloading from papermc: https://repo.papermc.io/repository/maven-public/net/kyori/adventure-platform-viaversion/4.3.2/adventure-platform-viaversion-4.3.2.pom
[INFO] Downloaded from papermc: https://repo.papermc.io/repository/maven-public/net/kyori/adventure-platform-viaversion/4.3.2/adventure-platform-viaversion-4.3.2.pom (2.9 kB at 15 kB/s)
[INFO] Downloading from papermc: https://repo.papermc.io/repository/maven-public/com/github/MilkBowl/VaultAPI/1.7.1/VaultAPI-1.7.1.pom
[INFO] Downloading from placeholderapi: https://repo.extendedclip.com/content/repositories/placeholderapi/com/github/MilkBowl/VaultAPI/1.7.1/VaultAPI-1.7.1.pom
[INFO] Downloading from jitpack: https://jitpack.io/com/github/MilkBowl/VaultAPI/1.7.1/VaultAPI-1.7.1.pom
[INFO] Downloaded from jitpack: https://jitpack.io/com/github/MilkBowl/VaultAPI/1.7.1/VaultAPI-1.7.1.pom (3.8 kB at 9.7 kB/s)
[INFO] Downloading from papermc: https://repo.papermc.io/repository/maven-public/io/papermc/paper/paper-api/26.3-pre-2.build.0-alpha/paper-api-26.3-pre-2.build.0-alpha.jar
[INFO] Downloaded from papermc: https://repo.papermc.io/repository/maven-public/io/papermc/paper/paper-api/26.3-pre-2.build.0-alpha/paper-api-26.3-pre-2.build.0-alpha.jar (2.9 MB at 6.1 MB/s)
[INFO] Downloading from papermc: https://repo.papermc.io/repository/maven-public/com/google/guava/guava/33.6.0-jre/guava-33.6.0-jre.jar
[INFO] Downloading from papermc: https://repo.papermc.io/repository/maven-public/com/google/guava/listenablefuture/9999.0-empty-to-avoid-conflict-with-guava/listenablefuture-9999.0-empty-to-avoid-conflict-with-guava.jar
[INFO] Downloading from papermc: https://repo.papermc.io/repository/maven-public/com/google/guava/failureaccess/1.0.3/failureaccess-1.0.3.jar
[INFO] Downloading from papermc: https://repo.papermc.io/repository/maven-public/com/google/errorprone/error_prone_annotations/2.47.0/error_prone_annotations-2.47.0.jar
[INFO] Downloading from papermc: https://repo.papermc.io/repository/maven-public/com/google/j2objc/j2objc-annotations/3.1/j2objc-annotations-3.1.jar
[INFO] Downloaded from papermc: https://repo.papermc.io/repository/maven-public/com/google/j2objc/j2objc-annotations/3.1/j2objc-annotations-3.1.jar (17 kB at 305 kB/s)
[INFO] Downloading from papermc: https://repo.papermc.io/repository/maven-public/com/google/code/gson/gson/2.14.0/gson-2.14.0.jar
[INFO] Downloaded from papermc: https://repo.papermc.io/repository/maven-public/com/google/errorprone/error_prone_annotations/2.47.0/error_prone_annotations-2.47.0.jar (20 kB at 332 kB/s)
[INFO] Downloading from papermc: https://repo.papermc.io/repository/maven-public/org/yaml/snakeyaml/2.2/snakeyaml-2.2.jar
[INFO] Downloaded from papermc: https://repo.papermc.io/repository/maven-public/com/google/guava/listenablefuture/9999.0-empty-to-avoid-conflict-with-guava/listenablefuture-9999.0-empty-to-avoid-conflict-with-guava.jar (2.2 kB at 34 kB/s)
[INFO] Downloading from papermc: https://repo.papermc.io/repository/maven-public/org/joml/joml/1.10.8/joml-1.10.8.jar
[INFO] Downloaded from papermc: https://repo.papermc.io/repository/maven-public/com/google/guava/failureaccess/1.0.3/failureaccess-1.0.3.jar (11 kB at 158 kB/s)
[INFO] Downloading from papermc: https://repo.papermc.io/repository/maven-public/it/unimi/dsi/fastutil/8.5.18/fastutil-8.5.18.jar
[INFO] Downloaded from papermc: https://repo.papermc.io/repository/maven-public/com/google/guava/guava/33.6.0-jre/guava-33.6.0-jre.jar (3.1 MB at 36 MB/s)
[INFO] Downloading from papermc: https://repo.papermc.io/repository/maven-public/org/apache/logging/log4j/log4j-api/2.26.0/log4j-api-2.26.0.jar
[INFO] Downloaded from papermc: https://repo.papermc.io/repository/maven-public/com/google/code/gson/gson/2.14.0/gson-2.14.0.jar (314 kB at 3.2 MB/s)
[INFO] Downloading from papermc: https://repo.papermc.io/repository/maven-public/org/slf4j/slf4j-api/2.0.17/slf4j-api-2.0.17.jar
[INFO] Downloaded from papermc: https://repo.papermc.io/repository/maven-public/org/apache/logging/log4j/log4j-api/2.26.0/log4j-api-2.26.0.jar (351 kB at 3.3 MB/s)
[INFO] Downloading from papermc: https://repo.papermc.io/repository/maven-public/com/mojang/brigadier/1.3.10/brigadier-1.3.10.jar
[INFO] Downloaded from papermc: https://repo.papermc.io/repository/maven-public/org/yaml/snakeyaml/2.2/snakeyaml-2.2.jar (334 kB at 3.0 MB/s)
[INFO] Downloading from papermc: https://repo.papermc.io/repository/maven-public/net/md-5/bungeecord-chat/1.21-R0.2-deprecated+build.21/bungeecord-chat-1.21-R0.2-deprecated+build.21.jar
[INFO] Downloaded from papermc: https://repo.papermc.io/repository/maven-public/org/slf4j/slf4j-api/2.0.17/slf4j-api-2.0.17.jar (70 kB at 568 kB/s)
[INFO] Downloading from papermc: https://repo.papermc.io/repository/maven-public/org/apache/maven/maven-resolver-provider/3.9.6/maven-resolver-provider-3.9.6.jar
[INFO] Downloaded from papermc: https://repo.papermc.io/repository/maven-public/com/mojang/brigadier/1.3.10/brigadier-1.3.10.jar (80 kB at 621 kB/s)
[INFO] Downloading from papermc: https://repo.papermc.io/repository/maven-public/org/apache/maven/maven-model/3.9.6/maven-model-3.9.6.jar
[INFO] Downloaded from papermc: https://repo.papermc.io/repository/maven-public/org/joml/joml/1.10.8/joml-1.10.8.jar (779 kB at 6.0 MB/s)
[INFO] Downloading from papermc: https://repo.papermc.io/repository/maven-public/org/apache/maven/maven-model-builder/3.9.6/maven-model-builder-3.9.6.jar
[INFO] Downloaded from papermc: https://repo.papermc.io/repository/maven-public/net/md-5/bungeecord-chat/1.21-R0.2-deprecated+build.21/bungeecord-chat-1.21-R0.2-deprecated+build.21.jar (168 kB at 1.3 MB/s)
[INFO] Downloading from papermc: https://repo.papermc.io/repository/maven-public/org/codehaus/plexus/plexus-interpolation/1.26/plexus-interpolation-1.26.jar
[INFO] Downloaded from papermc: https://repo.papermc.io/repository/maven-public/org/apache/maven/maven-resolver-provider/3.9.6/maven-resolver-provider-3.9.6.jar (74 kB at 517 kB/s)
[INFO] Downloading from papermc: https://repo.papermc.io/repository/maven-public/org/apache/maven/maven-artifact/3.9.6/maven-artifact-3.9.6.jar
[INFO] Downloaded from papermc: https://repo.papermc.io/repository/maven-public/org/apache/maven/maven-model/3.9.6/maven-model-3.9.6.jar (218 kB at 1.4 MB/s)
[INFO] Downloading from papermc: https://repo.papermc.io/repository/maven-public/org/apache/commons/commons-lang3/3.12.0/commons-lang3-3.12.0.jar
[INFO] Downloaded from papermc: https://repo.papermc.io/repository/maven-public/org/apache/maven/maven-model-builder/3.9.6/maven-model-builder-3.9.6.jar (198 kB at 1.3 MB/s)
[INFO] Downloading from papermc: https://repo.papermc.io/repository/maven-public/org/apache/maven/maven-builder-support/3.9.6/maven-builder-support-3.9.6.jar
[INFO] Downloaded from papermc: https://repo.papermc.io/repository/maven-public/org/codehaus/plexus/plexus-interpolation/1.26/plexus-interpolation-1.26.jar (85 kB at 530 kB/s)
[INFO] Downloading from papermc: https://repo.papermc.io/repository/maven-public/org/eclipse/sisu/org.eclipse.sisu.inject/0.9.0.M2/org.eclipse.sisu.inject-0.9.0.M2.jar
[INFO] Downloaded from papermc: https://repo.papermc.io/repository/maven-public/org/apache/maven/maven-artifact/3.9.6/maven-artifact-3.9.6.jar (59 kB at 358 kB/s)
[INFO] Downloading from papermc: https://repo.papermc.io/repository/maven-public/org/apache/maven/maven-repository-metadata/3.9.6/maven-repository-metadata-3.9.6.jar
[INFO] Downloaded from papermc: https://repo.papermc.io/repository/maven-public/org/apache/maven/maven-builder-support/3.9.6/maven-builder-support-3.9.6.jar (14 kB at 79 kB/s)
[INFO] Downloading from papermc: https://repo.papermc.io/repository/maven-public/org/apache/maven/resolver/maven-resolver-api/1.9.18/maven-resolver-api-1.9.18.jar
[INFO] Downloaded from papermc: https://repo.papermc.io/repository/maven-public/org/apache/commons/commons-lang3/3.12.0/commons-lang3-3.12.0.jar (587 kB at 3.2 MB/s)
[INFO] Downloading from papermc: https://repo.papermc.io/repository/maven-public/org/apache/maven/resolver/maven-resolver-spi/1.9.18/maven-resolver-spi-1.9.18.jar
[INFO] Downloaded from papermc: https://repo.papermc.io/repository/maven-public/org/apache/maven/maven-repository-metadata/3.9.6/maven-repository-metadata-3.9.6.jar (28 kB at 150 kB/s)
[INFO] Downloading from papermc: https://repo.papermc.io/repository/maven-public/org/apache/maven/resolver/maven-resolver-util/1.9.18/maven-resolver-util-1.9.18.jar
[INFO] Downloaded from papermc: https://repo.papermc.io/repository/maven-public/org/eclipse/sisu/org.eclipse.sisu.inject/0.9.0.M2/org.eclipse.sisu.inject-0.9.0.M2.jar (425 kB at 2.2 MB/s)
[INFO] Downloading from papermc: https://repo.papermc.io/repository/maven-public/org/apache/maven/resolver/maven-resolver-impl/1.9.18/maven-resolver-impl-1.9.18.jar
[INFO] Downloaded from papermc: https://repo.papermc.io/repository/maven-public/org/apache/maven/resolver/maven-resolver-api/1.9.18/maven-resolver-api-1.9.18.jar (157 kB at 774 kB/s)
[INFO] Downloading from papermc: https://repo.papermc.io/repository/maven-public/org/apache/maven/resolver/maven-resolver-named-locks/1.9.18/maven-resolver-named-locks-1.9.18.jar
[INFO] Downloaded from papermc: https://repo.papermc.io/repository/maven-public/org/apache/maven/resolver/maven-resolver-spi/1.9.18/maven-resolver-spi-1.9.18.jar (52 kB at 249 kB/s)
[INFO] Downloading from papermc: https://repo.papermc.io/repository/maven-public/org/codehaus/plexus/plexus-utils/3.5.1/plexus-utils-3.5.1.jar
[INFO] Downloaded from papermc: https://repo.papermc.io/repository/maven-public/org/apache/maven/resolver/maven-resolver-impl/1.9.18/maven-resolver-impl-1.9.18.jar (318 kB at 1.4 MB/s)
[INFO] Downloaded from papermc: https://repo.papermc.io/repository/maven-public/org/apache/maven/resolver/maven-resolver-util/1.9.18/maven-resolver-util-1.9.18.jar (196 kB at 875 kB/s)
[INFO] Downloading from papermc: https://repo.papermc.io/repository/maven-public/javax/inject/javax.inject/1/javax.inject-1.jar
[INFO] Downloading from papermc: https://repo.papermc.io/repository/maven-public/net/kyori/adventure-api/5.2.0/adventure-api-5.2.0.jar
[INFO] Downloaded from papermc: https://repo.papermc.io/repository/maven-public/org/apache/maven/resolver/maven-resolver-named-locks/1.9.18/maven-resolver-named-locks-1.9.18.jar (38 kB at 166 kB/s)
[INFO] Downloading from papermc: https://repo.papermc.io/repository/maven-public/net/kyori/adventure-key/5.2.0/adventure-key-5.2.0.jar
[INFO] Downloaded from papermc: https://repo.papermc.io/repository/maven-public/org/codehaus/plexus/plexus-utils/3.5.1/plexus-utils-3.5.1.jar (269 kB at 1.1 MB/s)
[INFO] Downloading from papermc: https://repo.papermc.io/repository/maven-public/net/kyori/adventure-text-minimessage/5.2.0/adventure-text-minimessage-5.2.0.jar
[INFO] Downloaded from papermc: https://repo.papermc.io/repository/maven-public/javax/inject/javax.inject/1/javax.inject-1.jar (2.5 kB at 10 kB/s)
[INFO] Downloading from papermc: https://repo.papermc.io/repository/maven-public/net/kyori/adventure-text-serializer-gson/5.2.0/adventure-text-serializer-gson-5.2.0.jar
[INFO] Downloaded from papermc: https://repo.papermc.io/repository/maven-public/net/kyori/adventure-key/5.2.0/adventure-key-5.2.0.jar (11 kB at 44 kB/s)
[INFO] Downloading from papermc: https://repo.papermc.io/repository/maven-public/net/kyori/adventure-text-serializer-json/5.2.0/adventure-text-serializer-json-5.2.0.jar
[INFO] Downloaded from papermc: https://repo.papermc.io/repository/maven-public/net/kyori/adventure-api/5.2.0/adventure-api-5.2.0.jar (428 kB at 1.7 MB/s)
[INFO] Downloading from papermc: https://repo.papermc.io/repository/maven-public/net/kyori/option/1.1.0/option-1.1.0.jar
[INFO] Downloaded from papermc: https://repo.papermc.io/repository/maven-public/net/kyori/adventure-text-minimessage/5.2.0/adventure-text-minimessage-5.2.0.jar (204 kB at 772 kB/s)
[INFO] Downloading from papermc: https://repo.papermc.io/repository/maven-public/com/google/auto/service/auto-service-annotations/1.1.1/auto-service-annotations-1.1.1.jar
[INFO] Downloaded from papermc: https://repo.papermc.io/repository/maven-public/net/kyori/adventure-text-serializer-gson/5.2.0/adventure-text-serializer-gson-5.2.0.jar (68 kB at 249 kB/s)
[INFO] Downloading from papermc: https://repo.papermc.io/repository/maven-public/net/kyori/adventure-text-serializer-commons/5.2.0/adventure-text-serializer-commons-5.2.0.jar
[INFO] Downloaded from papermc: https://repo.papermc.io/repository/maven-public/net/kyori/adventure-text-serializer-json/5.2.0/adventure-text-serializer-json-5.2.0.jar (16 kB at 58 kB/s)
[INFO] Downloading from papermc: https://repo.papermc.io/repository/maven-public/net/kyori/adventure-text-serializer-legacy/5.2.0/adventure-text-serializer-legacy-5.2.0.jar
[INFO] Downloaded from papermc: https://repo.papermc.io/repository/maven-public/net/kyori/option/1.1.0/option-1.1.0.jar (32 kB at 113 kB/s)
[INFO] Downloading from papermc: https://repo.papermc.io/repository/maven-public/net/kyori/adventure-text-serializer-plain/5.2.0/adventure-text-serializer-plain-5.2.0.jar
[INFO] Downloaded from papermc: https://repo.papermc.io/repository/maven-public/com/google/auto/service/auto-service-annotations/1.1.1/auto-service-annotations-1.1.1.jar (3.2 kB at 11 kB/s)
[INFO] Downloading from papermc: https://repo.papermc.io/repository/maven-public/net/kyori/adventure-text-logger-slf4j/5.2.0/adventure-text-logger-slf4j-5.2.0.jar
[INFO] Downloaded from papermc: https://repo.papermc.io/repository/maven-public/net/kyori/adventure-text-serializer-legacy/5.2.0/adventure-text-serializer-legacy-5.2.0.jar (30 kB at 101 kB/s)
[INFO] Downloading from papermc: https://repo.papermc.io/repository/maven-public/org/jspecify/jspecify/1.0.0/jspecify-1.0.0.jar
[INFO] Downloaded from papermc: https://repo.papermc.io/repository/maven-public/net/kyori/adventure-text-logger-slf4j/5.2.0/adventure-text-logger-slf4j-5.2.0.jar (25 kB at 79 kB/s)
[INFO] Downloading from papermc: https://repo.papermc.io/repository/maven-public/org/checkerframework/checker-qual/3.49.2/checker-qual-3.49.2.jar
[INFO] Downloaded from papermc: https://repo.papermc.io/repository/maven-public/net/kyori/adventure-text-serializer-plain/5.2.0/adventure-text-serializer-plain-5.2.0.jar (8.6 kB at 27 kB/s)
[INFO] Downloading from papermc: https://repo.papermc.io/repository/maven-public/org/apache/maven/resolver/maven-resolver-connector-basic/1.9.18/maven-resolver-connector-basic-1.9.18.jar
[INFO] Downloaded from papermc: https://repo.papermc.io/repository/maven-public/net/kyori/adventure-text-serializer-commons/5.2.0/adventure-text-serializer-commons-5.2.0.jar (3.6 kB at 11 kB/s)
[INFO] Downloading from papermc: https://repo.papermc.io/repository/maven-public/org/apache/maven/resolver/maven-resolver-transport-http/1.9.18/maven-resolver-transport-http-1.9.18.jar
[INFO] Downloaded from papermc: https://repo.papermc.io/repository/maven-public/org/jspecify/jspecify/1.0.0/jspecify-1.0.0.jar (3.8 kB at 12 kB/s)
[INFO] Downloading from papermc: https://repo.papermc.io/repository/maven-public/org/apache/httpcomponents/httpclient/4.5.14/httpclient-4.5.14.jar
[INFO] Downloaded from papermc: https://repo.papermc.io/repository/maven-public/it/unimi/dsi/fastutil/8.5.18/fastutil-8.5.18.jar (24 MB at 73 MB/s)
[INFO] Downloading from papermc: https://repo.papermc.io/repository/maven-public/org/apache/httpcomponents/httpcore/4.4.16/httpcore-4.4.16.jar
[INFO] Downloaded from papermc: https://repo.papermc.io/repository/maven-public/org/checkerframework/checker-qual/3.49.2/checker-qual-3.49.2.jar (238 kB at 697 kB/s)
[INFO] Downloading from papermc: https://repo.papermc.io/repository/maven-public/commons-codec/commons-codec/1.16.0/commons-codec-1.16.0.jar
[INFO] Downloaded from papermc: https://repo.papermc.io/repository/maven-public/org/apache/httpcomponents/httpcore/4.4.16/httpcore-4.4.16.jar (328 kB at 929 kB/s)
[INFO] Downloading from papermc: https://repo.papermc.io/repository/maven-public/org/slf4j/jcl-over-slf4j/1.7.36/jcl-over-slf4j-1.7.36.jar
[INFO] Downloaded from papermc: https://repo.papermc.io/repository/maven-public/commons-codec/commons-codec/1.16.0/commons-codec-1.16.0.jar (361 kB at 972 kB/s)
[INFO] Downloading from papermc: https://repo.papermc.io/repository/maven-public/me/clip/placeholderapi/2.11.6/placeholderapi-2.11.6.jar
[INFO] Downloaded from papermc: https://repo.papermc.io/repository/maven-public/org/apache/httpcomponents/httpclient/4.5.14/httpclient-4.5.14.jar (786 kB at 2.0 MB/s)
[INFO] Downloading from papermc: https://repo.papermc.io/repository/maven-public/org/jetbrains/annotations/23.0.0/annotations-23.0.0.jar
[INFO] Downloaded from papermc: https://repo.papermc.io/repository/maven-public/org/jetbrains/annotations/23.0.0/annotations-23.0.0.jar (29 kB at 72 kB/s)
[INFO] Downloading from papermc: https://repo.papermc.io/repository/maven-public/org/bstats/bstats-bukkit/3.0.1/bstats-bukkit-3.0.1.jar
[INFO] Downloaded from papermc: https://repo.papermc.io/repository/maven-public/org/apache/maven/resolver/maven-resolver-transport-http/1.9.18/maven-resolver-transport-http-1.9.18.jar (56 kB at 111 kB/s)
[INFO] Downloading from papermc: https://repo.papermc.io/repository/maven-public/org/bstats/bstats-base/3.0.1/bstats-base-3.0.1.jar
[INFO] Downloaded from papermc: https://repo.papermc.io/repository/maven-public/org/apache/maven/resolver/maven-resolver-connector-basic/1.9.18/maven-resolver-connector-basic-1.9.18.jar (40 kB at 80 kB/s)
[INFO] Downloading from papermc: https://repo.papermc.io/repository/maven-public/net/kyori/adventure-platform-bukkit/4.3.2/adventure-platform-bukkit-4.3.2.jar
[INFO] Downloaded from papermc: https://repo.papermc.io/repository/maven-public/org/bstats/bstats-base/3.0.1/bstats-base-3.0.1.jar (22 kB at 42 kB/s)
[INFO] Downloading from papermc: https://repo.papermc.io/repository/maven-public/net/kyori/adventure-platform-api/4.3.2/adventure-platform-api-4.3.2.jar
[INFO] Downloaded from papermc: https://repo.papermc.io/repository/maven-public/net/kyori/adventure-platform-bukkit/4.3.2/adventure-platform-bukkit-4.3.2.jar (126 kB at 237 kB/s)
[INFO] Downloading from papermc: https://repo.papermc.io/repository/maven-public/net/kyori/adventure-text-serializer-bungeecord/4.3.2/adventure-text-serializer-bungeecord-4.3.2.jar
[INFO] Downloaded from papermc: https://repo.papermc.io/repository/maven-public/org/slf4j/jcl-over-slf4j/1.7.36/jcl-over-slf4j-1.7.36.jar (17 kB at 30 kB/s)
[INFO] Downloading from papermc: https://repo.papermc.io/repository/maven-public/net/kyori/adventure-nbt/4.13.1/adventure-nbt-4.13.1.jar
[INFO] Downloaded from papermc: https://repo.papermc.io/repository/maven-public/net/kyori/adventure-platform-api/4.3.2/adventure-platform-api-4.3.2.jar (2.5 kB at 4.6 kB/s)
[INFO] Downloading from papermc: https://repo.papermc.io/repository/maven-public/net/kyori/examination-api/1.3.0/examination-api-1.3.0.jar
[INFO] Downloaded from papermc: https://repo.papermc.io/repository/maven-public/net/kyori/adventure-text-serializer-bungeecord/4.3.2/adventure-text-serializer-bungeecord-4.3.2.jar (9.6 kB at 17 kB/s)
[INFO] Downloading from papermc: https://repo.papermc.io/repository/maven-public/net/kyori/examination-string/1.3.0/examination-string-1.3.0.jar
[INFO] Downloaded from papermc: https://repo.papermc.io/repository/maven-public/net/kyori/adventure-nbt/4.13.1/adventure-nbt-4.13.1.jar (93 kB at 163 kB/s)
[INFO] Downloading from papermc: https://repo.papermc.io/repository/maven-public/net/kyori/adventure-text-serializer-gson-legacy-impl/4.13.1/adventure-text-serializer-gson-legacy-impl-4.13.1.jar
[INFO] Downloaded from papermc: https://repo.papermc.io/repository/maven-public/net/kyori/examination-api/1.3.0/examination-api-1.3.0.jar (23 kB at 41 kB/s)
[INFO] Downloading from papermc: https://repo.papermc.io/repository/maven-public/net/kyori/adventure-platform-facet/4.3.2/adventure-platform-facet-4.3.2.jar
[INFO] Downloaded from papermc: https://repo.papermc.io/repository/maven-public/net/kyori/examination-string/1.3.0/examination-string-1.3.0.jar (13 kB at 23 kB/s)
[INFO] Downloading from papermc: https://repo.papermc.io/repository/maven-public/net/kyori/adventure-platform-viaversion/4.3.2/adventure-platform-viaversion-4.3.2.jar
[INFO] Downloaded from papermc: https://repo.papermc.io/repository/maven-public/net/kyori/adventure-text-serializer-gson-legacy-impl/4.13.1/adventure-text-serializer-gson-legacy-impl-4.13.1.jar (4.9 kB at 8.3 kB/s)
[INFO] Downloading from papermc: https://repo.papermc.io/repository/maven-public/com/github/MilkBowl/VaultAPI/1.7.1/VaultAPI-1.7.1.jar
[INFO] Downloaded from papermc: https://repo.papermc.io/repository/maven-public/net/kyori/adventure-platform-facet/4.3.2/adventure-platform-facet-4.3.2.jar (43 kB at 72 kB/s)
[INFO] Downloaded from papermc: https://repo.papermc.io/repository/maven-public/net/kyori/adventure-platform-viaversion/4.3.2/adventure-platform-viaversion-4.3.2.jar (20 kB at 33 kB/s)
[INFO] Downloaded from papermc: https://repo.papermc.io/repository/maven-public/org/bstats/bstats-bukkit/3.0.1/bstats-bukkit-3.0.1.jar (4.1 kB at 4.3 kB/s)
[INFO] Downloading from placeholderapi: https://repo.extendedclip.com/content/repositories/placeholderapi/me/clip/placeholderapi/2.11.6/placeholderapi-2.11.6.jar
[INFO] Downloaded from placeholderapi: https://repo.extendedclip.com/content/repositories/placeholderapi/me/clip/placeholderapi/2.11.6/placeholderapi-2.11.6.jar (933 kB at 1.3 MB/s)
[INFO] Downloading from placeholderapi: https://repo.extendedclip.com/content/repositories/placeholderapi/com/github/MilkBowl/VaultAPI/1.7.1/VaultAPI-1.7.1.jar
[INFO] Downloading from jitpack: https://jitpack.io/com/github/MilkBowl/VaultAPI/1.7.1/VaultAPI-1.7.1.jar
[INFO] Downloaded from jitpack: https://jitpack.io/com/github/MilkBowl/VaultAPI/1.7.1/VaultAPI-1.7.1.jar (13 kB at 177 kB/s)
[INFO] 
[INFO] --- resources:3.4.0:resources (default-resources) @ SnowNWCore ---
[INFO] Downloading from central: https://repo.maven.apache.org/maven2/org/apache/maven/shared/maven-filtering/3.4.0/maven-filtering-3.4.0.pom
[INFO] Downloaded from central: https://repo.maven.apache.org/maven2/org/apache/maven/shared/maven-filtering/3.4.0/maven-filtering-3.4.0.pom (6.5 kB at 209 kB/s)
[INFO] Downloading from central: https://repo.maven.apache.org/maven2/org/apache/maven/shared/maven-shared-components/43/maven-shared-components-43.pom
[INFO] Downloaded from central: https://repo.maven.apache.org/maven2/org/apache/maven/shared/maven-shared-components/43/maven-shared-components-43.pom (3.8 kB at 33 kB/s)
[INFO] Downloading from central: https://repo.maven.apache.org/maven2/org/sonatype/plexus/plexus-build-api/0.0.7/plexus-build-api-0.0.7.pom
[INFO] Downloaded from central: https://repo.maven.apache.org/maven2/org/sonatype/plexus/plexus-build-api/0.0.7/plexus-build-api-0.0.7.pom (3.2 kB at 76 kB/s)
[INFO] Downloading from central: https://repo.maven.apache.org/maven2/org/sonatype/spice/spice-parent/15/spice-parent-15.pom
[INFO] Downloaded from central: https://repo.maven.apache.org/maven2/org/sonatype/spice/spice-parent/15/spice-parent-15.pom (8.4 kB at 270 kB/s)
[INFO] Downloading from central: https://repo.maven.apache.org/maven2/org/sonatype/forge/forge-parent/5/forge-parent-5.pom
[INFO] Downloaded from central: https://repo.maven.apache.org/maven2/org/sonatype/forge/forge-parent/5/forge-parent-5.pom (8.4 kB at 190 kB/s)
[INFO] Downloading from central: https://repo.maven.apache.org/maven2/org/codehaus/plexus/plexus-utils/4.0.2/plexus-utils-4.0.2.pom
[INFO] Downloaded from central: https://repo.maven.apache.org/maven2/org/codehaus/plexus/plexus-utils/4.0.2/plexus-utils-4.0.2.pom (13 kB at 427 kB/s)
[INFO] Downloading from central: https://repo.maven.apache.org/maven2/org/codehaus/plexus/plexus-xml/3.0.1/plexus-xml-3.0.1.pom
[INFO] Downloaded from central: https://repo.maven.apache.org/maven2/org/codehaus/plexus/plexus-xml/3.0.1/plexus-xml-3.0.1.pom (3.7 kB at 132 kB/s)
[INFO] Downloading from central: https://repo.maven.apache.org/maven2/org/codehaus/plexus/plexus/18/plexus-18.pom
[INFO] Downloaded from central: https://repo.maven.apache.org/maven2/org/codehaus/plexus/plexus/18/plexus-18.pom (29 kB at 696 kB/s)
[INFO] Downloading from central: https://repo.maven.apache.org/maven2/org/codehaus/plexus/plexus-interpolation/1.27/plexus-interpolation-1.27.pom
[INFO] Downloaded from central: https://repo.maven.apache.org/maven2/org/codehaus/plexus/plexus-interpolation/1.27/plexus-interpolation-1.27.pom (3.0 kB at 108 kB/s)
[INFO] Downloading from central: https://repo.maven.apache.org/maven2/org/codehaus/plexus/plexus/16/plexus-16.pom
[INFO] Downloaded from central: https://repo.maven.apache.org/maven2/org/codehaus/plexus/plexus/16/plexus-16.pom (28 kB at 1.0 MB/s)
[INFO] Downloading from central: https://repo.maven.apache.org/maven2/org/junit/junit-bom/5.10.1/junit-bom-5.10.1.pom
[INFO] Downloaded from central: https://repo.maven.apache.org/maven2/org/junit/junit-bom/5.10.1/junit-bom-5.10.1.pom (5.6 kB at 115 kB/s)
[INFO] Downloading from central: https://repo.maven.apache.org/maven2/commons-io/commons-io/2.16.1/commons-io-2.16.1.pom
[INFO] Downloaded from central: https://repo.maven.apache.org/maven2/commons-io/commons-io/2.16.1/commons-io-2.16.1.pom (20 kB at 400 kB/s)
[INFO] Downloading from central: https://repo.maven.apache.org/maven2/org/apache/commons/commons-parent/69/commons-parent-69.pom
[INFO] Downloaded from central: https://repo.maven.apache.org/maven2/org/apache/commons/commons-parent/69/commons-parent-69.pom (77 kB at 2.3 MB/s)
[INFO] Downloading from central: https://repo.maven.apache.org/maven2/org/apache/commons/commons-lang3/3.16.0/commons-lang3-3.16.0.pom
[INFO] Downloaded from central: https://repo.maven.apache.org/maven2/org/apache/commons/commons-lang3/3.16.0/commons-lang3-3.16.0.pom (31 kB at 316 kB/s)
[INFO] Downloading from central: https://repo.maven.apache.org/maven2/org/apache/commons/commons-parent/72/commons-parent-72.pom
[INFO] Downloaded from central: https://repo.maven.apache.org/maven2/org/apache/commons/commons-parent/72/commons-parent-72.pom (78 kB at 1.6 MB/s)
[INFO] Downloading from central: https://repo.maven.apache.org/maven2/org/junit/junit-bom/5.11.0-M2/junit-bom-5.11.0-M2.pom
[INFO] Downloaded from central: https://repo.maven.apache.org/maven2/org/junit/junit-bom/5.11.0-M2/junit-bom-5.11.0-M2.pom (5.7 kB at 228 kB/s)
[INFO] Downloading from central: https://repo.maven.apache.org/maven2/org/apache/commons/commons-lang3/3.20.0/commons-lang3-3.20.0.pom
[INFO] Downloaded from central: https://repo.maven.apache.org/maven2/org/apache/commons/commons-lang3/3.20.0/commons-lang3-3.20.0.pom (33 kB at 1.3 MB/s)
[INFO] Downloading from central: https://repo.maven.apache.org/maven2/org/apache/commons/commons-parent/92/commons-parent-92.pom
[INFO] Downloaded from central: https://repo.maven.apache.org/maven2/org/apache/commons/commons-parent/92/commons-parent-92.pom (80 kB at 2.4 MB/s)
[INFO] Artifact javax.inject:javax.inject:jar:1 is present in the local repository, but cached from a remote repository ID that is unavailable in current build context, verifying that is downloadable from [central (https://repo.maven.apache.org/maven2, default, releases)]
[INFO] Artifact javax.inject:javax.inject:jar:1 is present in the local repository, but cached from a remote repository ID that is unavailable in current build context, verifying that is downloadable from [central (https://repo.maven.apache.org/maven2, default, releases)]
[INFO] Downloading from central: https://repo.maven.apache.org/maven2/org/apache/maven/shared/maven-filtering/3.4.0/maven-filtering-3.4.0.jar
[INFO] Downloaded from central: https://repo.maven.apache.org/maven2/org/apache/maven/shared/maven-filtering/3.4.0/maven-filtering-3.4.0.jar (56 kB at 1.4 MB/s)
[INFO] Downloading from central: https://repo.maven.apache.org/maven2/org/slf4j/slf4j-api/1.7.36/slf4j-api-1.7.36.jar
[INFO] Downloading from central: https://repo.maven.apache.org/maven2/org/sonatype/plexus/plexus-build-api/0.0.7/plexus-build-api-0.0.7.jar
[INFO] Downloading from central: https://repo.maven.apache.org/maven2/org/codehaus/plexus/plexus-utils/4.0.2/plexus-utils-4.0.2.jar
[INFO] Downloading from central: https://repo.maven.apache.org/maven2/org/codehaus/plexus/plexus-xml/3.0.1/plexus-xml-3.0.1.jar
[INFO] Downloading from central: https://repo.maven.apache.org/maven2/org/codehaus/plexus/plexus-interpolation/1.27/plexus-interpolation-1.27.jar
[INFO] Downloaded from central: https://repo.maven.apache.org/maven2/org/slf4j/slf4j-api/1.7.36/slf4j-api-1.7.36.jar (41 kB at 791 kB/s)
[INFO] Downloaded from central: https://repo.maven.apache.org/maven2/org/sonatype/plexus/plexus-build-api/0.0.7/plexus-build-api-0.0.7.jar (8.5 kB at 163 kB/s)
[INFO] Downloading from central: https://repo.maven.apache.org/maven2/commons-io/commons-io/2.16.1/commons-io-2.16.1.jar
[INFO] Downloading from central: https://repo.maven.apache.org/maven2/org/apache/commons/commons-lang3/3.20.0/commons-lang3-3.20.0.jar
[INFO] Downloaded from central: https://repo.maven.apache.org/maven2/org/codehaus/plexus/plexus-xml/3.0.1/plexus-xml-3.0.1.jar (94 kB at 1.5 MB/s)
[INFO] Downloading from central: https://repo.maven.apache.org/maven2/javax/inject/javax.inject/1/javax.inject-1.jar
[INFO] Downloaded from central: https://repo.maven.apache.org/maven2/org/codehaus/plexus/plexus-utils/4.0.2/plexus-utils-4.0.2.jar (193 kB at 2.7 MB/s)
[INFO] Downloaded from central: https://repo.maven.apache.org/maven2/org/codehaus/plexus/plexus-interpolation/1.27/plexus-interpolation-1.27.jar (86 kB at 1.1 MB/s)
[INFO] Downloaded from central: https://repo.maven.apache.org/maven2/javax/inject/javax.inject/1/javax.inject-1.jar (0 B at 0 B/s)
[INFO] Downloaded from central: https://repo.maven.apache.org/maven2/org/apache/commons/commons-lang3/3.20.0/commons-lang3-3.20.0.jar (714 kB at 7.0 MB/s)
[INFO] Downloaded from central: https://repo.maven.apache.org/maven2/commons-io/commons-io/2.16.1/commons-io-2.16.1.jar (509 kB at 4.0 MB/s)
[INFO] Copying 10 resources from src/main/resources to target/classes
[INFO] 
[INFO] --- compiler:3.13.0:compile (default-compile) @ SnowNWCore ---
[INFO] Downloading from central: https://repo.maven.apache.org/maven2/org/apache/maven/shared/maven-shared-utils/3.4.2/maven-shared-utils-3.4.2.pom
[INFO] Downloaded from central: https://repo.maven.apache.org/maven2/org/apache/maven/shared/maven-shared-utils/3.4.2/maven-shared-utils-3.4.2.pom (5.9 kB at 190 kB/s)
[INFO] Downloading from central: https://repo.maven.apache.org/maven2/org/apache/maven/shared/maven-shared-components/39/maven-shared-components-39.pom
[INFO] Downloaded from central: https://repo.maven.apache.org/maven2/org/apache/maven/shared/maven-shared-components/39/maven-shared-components-39.pom (3.2 kB at 115 kB/s)
[INFO] Downloading from central: https://repo.maven.apache.org/maven2/org/apache/maven/maven-parent/39/maven-parent-39.pom
[INFO] Downloaded from central: https://repo.maven.apache.org/maven2/org/apache/maven/maven-parent/39/maven-parent-39.pom (48 kB at 1.4 MB/s)
[INFO] Downloading from central: https://repo.maven.apache.org/maven2/commons-io/commons-io/2.11.0/commons-io-2.11.0.pom
[INFO] Downloaded from central: https://repo.maven.apache.org/maven2/commons-io/commons-io/2.11.0/commons-io-2.11.0.pom (20 kB at 533 kB/s)
[INFO] Downloading from central: https://repo.maven.apache.org/maven2/org/junit/junit-bom/5.7.2/junit-bom-5.7.2.pom
[INFO] Downloaded from central: https://repo.maven.apache.org/maven2/org/junit/junit-bom/5.7.2/junit-bom-5.7.2.pom (5.1 kB at 154 kB/s)
[INFO] Downloading from central: https://repo.maven.apache.org/maven2/org/apache/maven/shared/maven-shared-incremental/1.1/maven-shared-incremental-1.1.pom
[INFO] Downloaded from central: https://repo.maven.apache.org/maven2/org/apache/maven/shared/maven-shared-incremental/1.1/maven-shared-incremental-1.1.pom (4.7 kB at 135 kB/s)
[INFO] Downloading from central: https://repo.maven.apache.org/maven2/org/apache/maven/shared/maven-shared-components/19/maven-shared-components-19.pom
[INFO] Downloaded from central: https://repo.maven.apache.org/maven2/org/apache/maven/shared/maven-shared-components/19/maven-shared-components-19.pom (6.4 kB at 254 kB/s)
[INFO] Downloading from central: https://repo.maven.apache.org/maven2/org/apache/maven/maven-parent/23/maven-parent-23.pom
[INFO] Downloaded from central: https://repo.maven.apache.org/maven2/org/apache/maven/maven-parent/23/maven-parent-23.pom (33 kB at 1.4 MB/s)
[INFO] Downloading from central: https://repo.maven.apache.org/maven2/org/apache/apache/13/apache-13.pom
[INFO] Downloaded from central: https://repo.maven.apache.org/maven2/org/apache/apache/13/apache-13.pom (14 kB at 466 kB/s)
[INFO] Downloading from central: https://repo.maven.apache.org/maven2/org/codehaus/plexus/plexus-java/1.2.0/plexus-java-1.2.0.pom
[INFO] Downloaded from central: https://repo.maven.apache.org/maven2/org/codehaus/plexus/plexus-java/1.2.0/plexus-java-1.2.0.pom (4.3 kB at 158 kB/s)
[INFO] Downloading from central: https://repo.maven.apache.org/maven2/org/codehaus/plexus/plexus-languages/1.2.0/plexus-languages-1.2.0.pom
[INFO] Downloaded from central: https://repo.maven.apache.org/maven2/org/codehaus/plexus/plexus-languages/1.2.0/plexus-languages-1.2.0.pom (3.2 kB at 110 kB/s)
[INFO] Downloading from central: https://repo.maven.apache.org/maven2/org/codehaus/plexus/plexus/15/plexus-15.pom
[INFO] Downloaded from central: https://repo.maven.apache.org/maven2/org/codehaus/plexus/plexus/15/plexus-15.pom (28 kB at 751 kB/s)
[INFO] Downloading from central: https://repo.maven.apache.org/maven2/org/junit/junit-bom/5.10.0/junit-bom-5.10.0.pom
[INFO] Downloaded from central: https://repo.maven.apache.org/maven2/org/junit/junit-bom/5.10.0/junit-bom-5.10.0.pom (5.6 kB at 161 kB/s)
[INFO] Downloading from central: https://repo.maven.apache.org/maven2/org/ow2/asm/asm/9.6/asm-9.6.pom
[INFO] Downloaded from central: https://repo.maven.apache.org/maven2/org/ow2/asm/asm/9.6/asm-9.6.pom (2.4 kB at 91 kB/s)
[INFO] Downloading from central: https://repo.maven.apache.org/maven2/org/ow2/ow2/1.5.1/ow2-1.5.1.pom
[INFO] Downloaded from central: https://repo.maven.apache.org/maven2/org/ow2/ow2/1.5.1/ow2-1.5.1.pom (11 kB at 403 kB/s)
[INFO] Downloading from central: https://repo.maven.apache.org/maven2/com/thoughtworks/qdox/qdox/2.0.3/qdox-2.0.3.pom
[INFO] Downloaded from central: https://repo.maven.apache.org/maven2/com/thoughtworks/qdox/qdox/2.0.3/qdox-2.0.3.pom (17 kB at 539 kB/s)
[INFO] Downloading from central: https://repo.maven.apache.org/maven2/org/codehaus/plexus/plexus-compiler-api/2.15.0/plexus-compiler-api-2.15.0.pom
[INFO] Downloaded from central: https://repo.maven.apache.org/maven2/org/codehaus/plexus/plexus-compiler-api/2.15.0/plexus-compiler-api-2.15.0.pom (1.4 kB at 39 kB/s)
[INFO] Downloading from central: https://repo.maven.apache.org/maven2/org/codehaus/plexus/plexus-compiler/2.15.0/plexus-compiler-2.15.0.pom
[INFO] Downloaded from central: https://repo.maven.apache.org/maven2/org/codehaus/plexus/plexus-compiler/2.15.0/plexus-compiler-2.15.0.pom (7.6 kB at 281 kB/s)
[INFO] Downloading from central: https://repo.maven.apache.org/maven2/org/codehaus/plexus/plexus/17/plexus-17.pom
[INFO] Downloaded from central: https://repo.maven.apache.org/maven2/org/codehaus/plexus/plexus/17/plexus-17.pom (28 kB at 939 kB/s)
[INFO] Downloading from central: https://repo.maven.apache.org/maven2/org/codehaus/plexus/plexus-utils/4.0.0/plexus-utils-4.0.0.pom
[INFO] Downloaded from central: https://repo.maven.apache.org/maven2/org/codehaus/plexus/plexus-utils/4.0.0/plexus-utils-4.0.0.pom (8.7 kB at 321 kB/s)
[INFO] Downloading from central: https://repo.maven.apache.org/maven2/org/codehaus/plexus/plexus/13/plexus-13.pom
[INFO] Downloaded from central: https://repo.maven.apache.org/maven2/org/codehaus/plexus/plexus/13/plexus-13.pom (27 kB at 978 kB/s)
[INFO] Downloading from central: https://repo.maven.apache.org/maven2/org/codehaus/plexus/plexus-compiler-manager/2.15.0/plexus-compiler-manager-2.15.0.pom
[INFO] Downloaded from central: https://repo.maven.apache.org/maven2/org/codehaus/plexus/plexus-compiler-manager/2.15.0/plexus-compiler-manager-2.15.0.pom (1.3 kB at 54 kB/s)
[INFO] Downloading from central: https://repo.maven.apache.org/maven2/org/codehaus/plexus/plexus-xml/3.0.0/plexus-xml-3.0.0.pom
[INFO] Downloaded from central: https://repo.maven.apache.org/maven2/org/codehaus/plexus/plexus-xml/3.0.0/plexus-xml-3.0.0.pom (3.7 kB at 144 kB/s)
[INFO] Downloading from central: https://repo.maven.apache.org/maven2/org/codehaus/plexus/plexus-compiler-javac/2.15.0/plexus-compiler-javac-2.15.0.pom
[INFO] Downloaded from central: https://repo.maven.apache.org/maven2/org/codehaus/plexus/plexus-compiler-javac/2.15.0/plexus-compiler-javac-2.15.0.pom (1.3 kB at 45 kB/s)
[INFO] Downloading from central: https://repo.maven.apache.org/maven2/org/codehaus/plexus/plexus-compilers/2.15.0/plexus-compilers-2.15.0.pom
[INFO] Downloaded from central: https://repo.maven.apache.org/maven2/org/codehaus/plexus/plexus-compilers/2.15.0/plexus-compilers-2.15.0.pom (1.6 kB at 51 kB/s)
[INFO] Downloading from central: https://repo.maven.apache.org/maven2/org/apache/maven/shared/maven-shared-utils/3.4.2/maven-shared-utils-3.4.2.jar
[INFO] Downloaded from central: https://repo.maven.apache.org/maven2/org/apache/maven/shared/maven-shared-utils/3.4.2/maven-shared-utils-3.4.2.jar (151 kB at 5.2 MB/s)
[INFO] Downloading from central: https://repo.maven.apache.org/maven2/commons-io/commons-io/2.11.0/commons-io-2.11.0.jar
[INFO] Downloading from central: https://repo.maven.apache.org/maven2/org/apache/maven/shared/maven-shared-incremental/1.1/maven-shared-incremental-1.1.jar
[INFO] Downloading from central: https://repo.maven.apache.org/maven2/org/codehaus/plexus/plexus-java/1.2.0/plexus-java-1.2.0.jar
[INFO] Downloading from central: https://repo.maven.apache.org/maven2/org/ow2/asm/asm/9.6/asm-9.6.jar
[INFO] Downloading from central: https://repo.maven.apache.org/maven2/com/thoughtworks/qdox/qdox/2.0.3/qdox-2.0.3.jar
[INFO] Downloaded from central: https://repo.maven.apache.org/maven2/org/apache/maven/shared/maven-shared-incremental/1.1/maven-shared-incremental-1.1.jar (14 kB at 542 kB/s)
[INFO] Downloading from central: https://repo.maven.apache.org/maven2/org/codehaus/plexus/plexus-compiler-api/2.15.0/plexus-compiler-api-2.15.0.jar
[INFO] Downloaded from central: https://repo.maven.apache.org/maven2/org/codehaus/plexus/plexus-java/1.2.0/plexus-java-1.2.0.jar (58 kB at 2.1 MB/s)
[INFO] Downloading from central: https://repo.maven.apache.org/maven2/org/codehaus/plexus/plexus-compiler-manager/2.15.0/plexus-compiler-manager-2.15.0.jar
[INFO] Downloaded from central: https://repo.maven.apache.org/maven2/org/ow2/asm/asm/9.6/asm-9.6.jar (124 kB at 3.4 MB/s)
[INFO] Downloading from central: https://repo.maven.apache.org/maven2/org/codehaus/plexus/plexus-xml/3.0.0/plexus-xml-3.0.0.jar
[INFO] Downloaded from central: https://repo.maven.apache.org/maven2/commons-io/commons-io/2.11.0/commons-io-2.11.0.jar (327 kB at 6.7 MB/s)
[INFO] Downloading from central: https://repo.maven.apache.org/maven2/org/codehaus/plexus/plexus-compiler-javac/2.15.0/plexus-compiler-javac-2.15.0.jar
[INFO] Downloaded from central: https://repo.maven.apache.org/maven2/com/thoughtworks/qdox/qdox/2.0.3/qdox-2.0.3.jar (334 kB at 6.2 MB/s)
[INFO] Downloading from central: https://repo.maven.apache.org/maven2/org/codehaus/plexus/plexus-utils/4.0.0/plexus-utils-4.0.0.jar
[INFO] Downloaded from central: https://repo.maven.apache.org/maven2/org/codehaus/plexus/plexus-compiler-manager/2.15.0/plexus-compiler-manager-2.15.0.jar (5.2 kB at 95 kB/s)
[INFO] Downloaded from central: https://repo.maven.apache.org/maven2/org/codehaus/plexus/plexus-xml/3.0.0/plexus-xml-3.0.0.jar (93 kB at 1.5 MB/s)
[INFO] Downloaded from central: https://repo.maven.apache.org/maven2/org/codehaus/plexus/plexus-compiler-api/2.15.0/plexus-compiler-api-2.15.0.jar (29 kB at 428 kB/s)
[INFO] Downloaded from central: https://repo.maven.apache.org/maven2/org/codehaus/plexus/plexus-compiler-javac/2.15.0/plexus-compiler-javac-2.15.0.jar (26 kB at 334 kB/s)
[INFO] Downloaded from central: https://repo.maven.apache.org/maven2/org/codehaus/plexus/plexus-utils/4.0.0/plexus-utils-4.0.0.jar (192 kB at 2.2 MB/s)
[INFO] Recompiling the module because of changed source code.
[INFO] Compiling 61 source files with javac [debug parameters release 21] to target/classes
[INFO] Annotation processing is enabled because one or more processors were found
  on the class path. A future release of javac may disable annotation processing
  unless at least one processor is specified by name (-processor), or a search
  path is specified (--processor-path, --processor-module-path), or annotation
  processing is enabled explicitly (-proc:only, -proc:full).
  Use -Xlint:-options to suppress this message.
  Use -proc:none to disable annotation processing.
[INFO] -------------------------------------------------------------
[ERROR] COMPILATION ERROR : 
[INFO] -------------------------------------------------------------
[ERROR] /home/runner/work/Snowcore/Snowcore/src/main/java/me/snownw/core/SnowNWBootstrap.java:[3,31] cannot access io.papermc.paper.dialog.Dialog
  bad class file: /home/runner/.m2/repository/io/papermc/paper/paper-api/26.3-pre-2.build.0-alpha/paper-api-26.3-pre-2.build.0-alpha.jar(/io/papermc/paper/dialog/Dialog.class)
    class file has wrong version 69.0, should be 65.0
    Please remove or make sure it appears in the correct subdirectory of the classpath.
[ERROR] /home/runner/work/Snowcore/Snowcore/src/main/java/me/snownw/core/SnowNWBootstrap.java:[4,41] cannot access io.papermc.paper.plugin.bootstrap.BootstrapContext
  bad class file: /home/runner/.m2/repository/io/papermc/paper/paper-api/26.3-pre-2.build.0-alpha/paper-api-26.3-pre-2.build.0-alpha.jar(/io/papermc/paper/plugin/bootstrap/BootstrapContext.class)
    class file has wrong version 69.0, should be 65.0
    Please remove or make sure it appears in the correct subdirectory of the classpath.
[ERROR] /home/runner/work/Snowcore/Snowcore/src/main/java/me/snownw/core/SnowNWBootstrap.java:[5,41] cannot access io.papermc.paper.plugin.bootstrap.PluginBootstrap
  bad class file: /home/runner/.m2/repository/io/papermc/paper/paper-api/26.3-pre-2.build.0-alpha/paper-api-26.3-pre-2.build.0-alpha.jar(/io/papermc/paper/plugin/bootstrap/PluginBootstrap.class)
    class file has wrong version 69.0, should be 65.0
    Please remove or make sure it appears in the correct subdirectory of the classpath.
[ERROR] /home/runner/work/Snowcore/Snowcore/src/main/java/me/snownw/core/SnowNWBootstrap.java:[6,53] cannot access io.papermc.paper.plugin.lifecycle.event.types.LifecycleEvents
  bad class file: /home/runner/.m2/repository/io/papermc/paper/paper-api/26.3-pre-2.build.0-alpha/paper-api-26.3-pre-2.build.0-alpha.jar(/io/papermc/paper/plugin/lifecycle/event/types/LifecycleEvents.class)
    class file has wrong version 69.0, should be 65.0
    Please remove or make sure it appears in the correct subdirectory of the classpath.
[ERROR] /home/runner/work/Snowcore/Snowcore/src/main/java/me/snownw/core/SnowNWBootstrap.java:[7,33] cannot access io.papermc.paper.registry.RegistryKey
  bad class file: /home/runner/.m2/repository/io/papermc/paper/paper-api/26.3-pre-2.build.0-alpha/paper-api-26.3-pre-2.build.0-alpha.jar(/io/papermc/paper/registry/RegistryKey.class)
    class file has wrong version 69.0, should be 65.0
    Please remove or make sure it appears in the correct subdirectory of the classpath.
[ERROR] /home/runner/work/Snowcore/Snowcore/src/main/java/me/snownw/core/SnowNWBootstrap.java:[8,33] cannot access io.papermc.paper.registry.TypedKey
  bad class file: /home/runner/.m2/repository/io/papermc/paper/paper-api/26.3-pre-2.build.0-alpha/paper-api-26.3-pre-2.build.0-alpha.jar(/io/papermc/paper/registry/TypedKey.class)
    class file has wrong version 69.0, should be 65.0
    Please remove or make sure it appears in the correct subdirectory of the classpath.
[ERROR] /home/runner/work/Snowcore/Snowcore/src/main/java/me/snownw/core/SnowNWBootstrap.java:[9,45] cannot access io.papermc.paper.registry.data.dialog.ActionButton
  bad class file: /home/runner/.m2/repository/io/papermc/paper/paper-api/26.3-pre-2.build.0-alpha/paper-api-26.3-pre-2.build.0-alpha.jar(/io/papermc/paper/registry/data/dialog/ActionButton.class)
    class file has wrong version 69.0, should be 65.0
    Please remove or make sure it appears in the correct subdirectory of the classpath.
[ERROR] /home/runner/work/Snowcore/Snowcore/src/main/java/me/snownw/core/SnowNWBootstrap.java:[10,45] cannot access io.papermc.paper.registry.data.dialog.DialogBase
  bad class file: /home/runner/.m2/repository/io/papermc/paper/paper-api/26.3-pre-2.build.0-alpha/paper-api-26.3-pre-2.build.0-alpha.jar(/io/papermc/paper/registry/data/dialog/DialogBase.class)
    class file has wrong version 69.0, should be 65.0
    Please remove or make sure it appears in the correct subdirectory of the classpath.
[ERROR] /home/runner/work/Snowcore/Snowcore/src/main/java/me/snownw/core/SnowNWBootstrap.java:[11,52] cannot access io.papermc.paper.registry.data.dialog.action.DialogAction
  bad class file: /home/runner/.m2/repository/io/papermc/paper/paper-api/26.3-pre-2.build.0-alpha/paper-api-26.3-pre-2.build.0-alpha.jar(/io/papermc/paper/registry/data/dialog/action/DialogAction.class)
    class file has wrong version 69.0, should be 65.0
    Please remove or make sure it appears in the correct subdirectory of the classpath.
[ERROR] /home/runner/work/Snowcore/Snowcore/src/main/java/me/snownw/core/SnowNWBootstrap.java:[12,50] cannot access io.papermc.paper.registry.data.dialog.body.DialogBody
  bad class file: /home/runner/.m2/repository/io/papermc/paper/paper-api/26.3-pre-2.build.0-alpha/paper-api-26.3-pre-2.build.0-alpha.jar(/io/papermc/paper/registry/data/dialog/body/DialogBody.class)
    class file has wrong version 69.0, should be 65.0
    Please remove or make sure it appears in the correct subdirectory of the classpath.
[ERROR] /home/runner/work/Snowcore/Snowcore/src/main/java/me/snownw/core/SnowNWBootstrap.java:[13,50] cannot access io.papermc.paper.registry.data.dialog.type.DialogType
  bad class file: /home/runner/.m2/repository/io/papermc/paper/paper-api/26.3-pre-2.build.0-alpha/paper-api-26.3-pre-2.build.0-alpha.jar(/io/papermc/paper/registry/data/dialog/type/DialogType.class)
    class file has wrong version 69.0, should be 65.0
    Please remove or make sure it appears in the correct subdirectory of the classpath.
[ERROR] /home/runner/work/Snowcore/Snowcore/src/main/java/me/snownw/core/SnowNWBootstrap.java:[14,39] cannot access io.papermc.paper.registry.event.RegistryEvents
  bad class file: /home/runner/.m2/repository/io/papermc/paper/paper-api/26.3-pre-2.build.0-alpha/paper-api-26.3-pre-2.build.0-alpha.jar(/io/papermc/paper/registry/event/RegistryEvents.class)
    class file has wrong version 69.0, should be 65.0
    Please remove or make sure it appears in the correct subdirectory of the classpath.
[ERROR] /home/runner/work/Snowcore/Snowcore/src/main/java/me/snownw/core/SnowNWBootstrap.java:[15,38] cannot access io.papermc.paper.registry.keys.DialogKeys
  bad class file: /home/runner/.m2/repository/io/papermc/paper/paper-api/26.3-pre-2.build.0-alpha/paper-api-26.3-pre-2.build.0-alpha.jar(/io/papermc/paper/registry/keys/DialogKeys.class)
    class file has wrong version 69.0, should be 65.0
    Please remove or make sure it appears in the correct subdirectory of the classpath.
[ERROR] /home/runner/work/Snowcore/Snowcore/src/main/java/me/snownw/core/SnowNWBootstrap.java:[16,43] cannot access io.papermc.paper.registry.keys.tags.DialogTagKeys
  bad class file: /home/runner/.m2/repository/io/papermc/paper/paper-api/26.3-pre-2.build.0-alpha/paper-api-26.3-pre-2.build.0-alpha.jar(/io/papermc/paper/registry/keys/tags/DialogTagKeys.class)
    class file has wrong version 69.0, should be 65.0
    Please remove or make sure it appears in the correct subdirectory of the classpath.
[ERROR] /home/runner/work/Snowcore/Snowcore/src/main/java/me/snownw/core/SnowNWCorePlugin.java:[41,42] cannot access io.papermc.paper.command.brigadier.BasicCommand
  bad class file: /home/runner/.m2/repository/io/papermc/paper/paper-api/26.3-pre-2.build.0-alpha/paper-api-26.3-pre-2.build.0-alpha.jar(/io/papermc/paper/command/brigadier/BasicCommand.class)
    class file has wrong version 69.0, should be 65.0
    Please remove or make sure it appears in the correct subdirectory of the classpath.
[ERROR] /home/runner/work/Snowcore/Snowcore/src/main/java/me/snownw/core/SnowNWCorePlugin.java:[42,42] cannot access io.papermc.paper.command.brigadier.CommandSourceStack
  bad class file: /home/runner/.m2/repository/io/papermc/paper/paper-api/26.3-pre-2.build.0-alpha/paper-api-26.3-pre-2.build.0-alpha.jar(/io/papermc/paper/command/brigadier/CommandSourceStack.class)
    class file has wrong version 69.0, should be 65.0
    Please remove or make sure it appears in the correct subdirectory of the classpath.
[ERROR] /home/runner/work/Snowcore/Snowcore/src/main/java/me/snownw/core/SnowNWCorePlugin.java:[43,26] cannot access org.bukkit.command.CommandSender
  bad class file: /home/runner/.m2/repository/io/papermc/paper/paper-api/26.3-pre-2.build.0-alpha/paper-api-26.3-pre-2.build.0-alpha.jar(/org/bukkit/command/CommandSender.class)
    class file has wrong version 69.0, should be 65.0
    Please remove or make sure it appears in the correct subdirectory of the classpath.
[ERROR] /home/runner/work/Snowcore/Snowcore/src/main/java/me/snownw/core/SnowNWCorePlugin.java:[44,30] cannot access org.bukkit.plugin.java.JavaPlugin
  bad class file: /home/runner/.m2/repository/io/papermc/paper/paper-api/26.3-pre-2.build.0-alpha/paper-api-26.3-pre-2.build.0-alpha.jar(/org/bukkit/plugin/java/JavaPlugin.class)
    class file has wrong version 69.0, should be 65.0
    Please remove or make sure it appears in the correct subdirectory of the classpath.
[ERROR] /home/runner/work/Snowcore/Snowcore/src/main/java/me/snownw/core/data/HomeStore.java:[3,18] cannot access org.bukkit.Bukkit
  bad class file: /home/runner/.m2/repository/io/papermc/paper/paper-api/26.3-pre-2.build.0-alpha/paper-api-26.3-pre-2.build.0-alpha.jar(/org/bukkit/Bukkit.class)
    class file has wrong version 69.0, should be 65.0
    Please remove or make sure it appears in the correct subdirectory of the classpath.
[ERROR] /home/runner/work/Snowcore/Snowcore/src/main/java/me/snownw/core/data/HomeStore.java:[4,18] cannot access org.bukkit.Location
  bad class file: /home/runner/.m2/repository/io/papermc/paper/paper-api/26.3-pre-2.build.0-alpha/paper-api-26.3-pre-2.build.0-alpha.jar(/org/bukkit/Location.class)
    class file has wrong version 69.0, should be 65.0
    Please remove or make sure it appears in the correct subdirectory of the classpath.
[ERROR] /home/runner/work/Snowcore/Snowcore/src/main/java/me/snownw/core/data/HomeStore.java:[5,18] cannot access org.bukkit.World
  bad class file: /home/runner/.m2/repository/io/papermc/paper/paper-api/26.3-pre-2.build.0-alpha/paper-api-26.3-pre-2.build.0-alpha.jar(/org/bukkit/World.class)
    class file has wrong version 69.0, should be 65.0
    Please remove or make sure it appears in the correct subdirectory of the classpath.
[ERROR] /home/runner/work/Snowcore/Snowcore/src/main/java/me/snownw/core/data/HomeStore.java:[6,32] cannot access org.bukkit.configuration.ConfigurationSection
  bad class file: /home/runner/.m2/repository/io/papermc/paper/paper-api/26.3-pre-2.build.0-alpha/paper-api-26.3-pre-2.build.0-alpha.jar(/org/bukkit/configuration/ConfigurationSection.class)
    class file has wrong version 69.0, should be 65.0
    Please remove or make sure it appears in the correct subdirectory of the classpath.
[ERROR] /home/runner/work/Snowcore/Snowcore/src/main/java/me/snownw/core/data/HomeStore.java:[7,37] cannot access org.bukkit.configuration.file.YamlConfiguration
  bad class file: /home/runner/.m2/repository/io/papermc/paper/paper-api/26.3-pre-2.build.0-alpha/paper-api-26.3-pre-2.build.0-alpha.jar(/org/bukkit/configuration/file/YamlConfiguration.class)
    class file has wrong version 69.0, should be 65.0
    Please remove or make sure it appears in the correct subdirectory of the classpath.
[ERROR] /home/runner/work/Snowcore/Snowcore/src/main/java/me/snownw/core/data/HomeStore.java:[8,25] cannot access org.bukkit.entity.Player
  bad class file: /home/runner/.m2/repository/io/papermc/paper/paper-api/26.3-pre-2.build.0-alpha/paper-api-26.3-pre-2.build.0-alpha.jar(/org/bukkit/entity/Player.class)
    class file has wrong version 69.0, should be 65.0
    Please remove or make sure it appears in the correct subdirectory of the classpath.
[ERROR] /home/runner/work/Snowcore/Snowcore/src/main/java/me/snownw/core/service/TpaService.java:[12,18] cannot access org.bukkit.Sound
  bad class file: /home/runner/.m2/repository/io/papermc/paper/paper-api/26.3-pre-2.build.0-alpha/paper-api-26.3-pre-2.build.0-alpha.jar(/org/bukkit/Sound.class)
    class file has wrong version 69.0, should be 65.0
    Please remove or make sure it appears in the correct subdirectory of the classpath.
[ERROR] /home/runner/work/Snowcore/Snowcore/src/main/java/me/snownw/core/data/StatsStore.java:[4,18] cannot access org.bukkit.OfflinePlayer
  bad class file: /home/runner/.m2/repository/io/papermc/paper/paper-api/26.3-pre-2.build.0-alpha/paper-api-26.3-pre-2.build.0-alpha.jar(/org/bukkit/OfflinePlayer.class)
    class file has wrong version 69.0, should be 65.0
    Please remove or make sure it appears in the correct subdirectory of the classpath.
[ERROR] /home/runner/work/Snowcore/Snowcore/src/main/java/me/snownw/core/service/TeleportService.java:[9,28] cannot access org.bukkit.scheduler.BukkitRunnable
  bad class file: /home/runner/.m2/repository/io/papermc/paper/paper-api/26.3-pre-2.build.0-alpha/paper-api-26.3-pre-2.build.0-alpha.jar(/org/bukkit/scheduler/BukkitRunnable.class)
    class file has wrong version 69.0, should be 65.0
    Please remove or make sure it appears in the correct subdirectory of the classpath.
[ERROR] /home/runner/work/Snowcore/Snowcore/src/main/java/me/snownw/core/service/TeleportService.java:[10,28] cannot access org.bukkit.scheduler.BukkitTask
  bad class file: /home/runner/.m2/repository/io/papermc/paper/paper-api/26.3-pre-2.build.0-alpha/paper-api-26.3-pre-2.build.0-alpha.jar(/org/bukkit/scheduler/BukkitTask.class)
    class file has wrong version 69.0, should be 65.0
    Please remove or make sure it appears in the correct subdirectory of the classpath.
[ERROR] /home/runner/work/Snowcore/Snowcore/src/main/java/me/snownw/core/service/WorthService.java:[4,18] cannot access org.bukkit.Material
  bad class file: /home/runner/.m2/repository/io/papermc/paper/paper-api/26.3-pre-2.build.0-alpha/paper-api-26.3-pre-2.build.0-alpha.jar(/org/bukkit/Material.class)
    class file has wrong version 69.0, should be 65.0
    Please remove or make sure it appears in the correct subdirectory of the classpath.
[ERROR] /home/runner/work/Snowcore/Snowcore/src/main/java/me/snownw/core/service/WorthService.java:[7,28] cannot access org.bukkit.inventory.ItemStack
  bad class file: /home/runner/.m2/repository/io/papermc/paper/paper-api/26.3-pre-2.build.0-alpha/paper-api-26.3-pre-2.build.0-alpha.jar(/org/bukkit/inventory/ItemStack.class)
    class file has wrong version 69.0, should be 65.0
    Please remove or make sure it appears in the correct subdirectory of the classpath.
[ERROR] /home/runner/work/Snowcore/Snowcore/src/main/java/me/snownw/core/dialog/DialogMenus.java:[15,51] cannot access io.papermc.paper.registry.data.dialog.input.DialogInput
  bad class file: /home/runner/.m2/repository/io/papermc/paper/paper-api/26.3-pre-2.build.0-alpha/paper-api-26.3-pre-2.build.0-alpha.jar(/io/papermc/paper/registry/data/dialog/input/DialogInput.class)
    class file has wrong version 69.0, should be 65.0
    Please remove or make sure it appears in the correct subdirectory of the classpath.
[ERROR] /home/runner/work/Snowcore/Snowcore/src/main/java/me/snownw/core/service/ScoreboardService.java:[8,37] cannot access org.bukkit.configuration.file.FileConfiguration
  bad class file: /home/runner/.m2/repository/io/papermc/paper/paper-api/26.3-pre-2.build.0-alpha/paper-api-26.3-pre-2.build.0-alpha.jar(/org/bukkit/configuration/file/FileConfiguration.class)
    class file has wrong version 69.0, should be 65.0
    Please remove or make sure it appears in the correct subdirectory of the classpath.
[ERROR] /home/runner/work/Snowcore/Snowcore/src/main/java/me/snownw/core/service/ScoreboardService.java:[11,29] cannot access org.bukkit.scoreboard.Criteria
  bad class file: /home/runner/.m2/repository/io/papermc/paper/paper-api/26.3-pre-2.build.0-alpha/paper-api-26.3-pre-2.build.0-alpha.jar(/org/bukkit/scoreboard/Criteria.class)
    class file has wrong version 69.0, should be 65.0
    Please remove or make sure it appears in the correct subdirectory of the classpath.
[ERROR] /home/runner/work/Snowcore/Snowcore/src/main/java/me/snownw/core/service/ScoreboardService.java:[12,29] cannot access org.bukkit.scoreboard.DisplaySlot
  bad class file: /home/runner/.m2/repository/io/papermc/paper/paper-api/26.3-pre-2.build.0-alpha/paper-api-26.3-pre-2.build.0-alpha.jar(/org/bukkit/scoreboard/DisplaySlot.class)
    class file has wrong version 69.0, should be 65.0
    Please remove or make sure it appears in the correct subdirectory of the classpath.
[ERROR] /home/runner/work/Snowcore/Snowcore/src/main/java/me/snownw/core/service/ScoreboardService.java:[13,29] cannot access org.bukkit.scoreboard.Objective
  bad class file: /home/runner/.m2/repository/io/papermc/paper/paper-api/26.3-pre-2.build.0-alpha/paper-api-26.3-pre-2.build.0-alpha.jar(/org/bukkit/scoreboard/Objective.class)
    class file has wrong version 69.0, should be 65.0
    Please remove or make sure it appears in the correct subdirectory of the classpath.
[ERROR] /home/runner/work/Snowcore/Snowcore/src/main/java/me/snownw/core/service/ScoreboardService.java:[14,29] cannot access org.bukkit.scoreboard.Scoreboard
  bad class file: /home/runner/.m2/repository/io/papermc/paper/paper-api/26.3-pre-2.build.0-alpha/paper-api-26.3-pre-2.build.0-alpha.jar(/org/bukkit/scoreboard/Scoreboard.class)
    class file has wrong version 69.0, should be 65.0
    Please remove or make sure it appears in the correct subdirectory of the classpath.
[ERROR] /home/runner/work/Snowcore/Snowcore/src/main/java/me/snownw/core/service/ScoreboardService.java:[15,29] cannot access org.bukkit.scoreboard.Team
  bad class file: /home/runner/.m2/repository/io/papermc/paper/paper-api/26.3-pre-2.build.0-alpha/paper-api-26.3-pre-2.build.0-alpha.jar(/org/bukkit/scoreboard/Team.class)
    class file has wrong version 69.0, should be 65.0
    Please remove or make sure it appears in the correct subdirectory of the classpath.
[ERROR] /home/runner/work/Snowcore/Snowcore/src/main/java/me/snownw/core/service/ScoreboardService.java:[16,43] cannot access io.papermc.paper.scoreboard.numbers.NumberFormat
  bad class file: /home/runner/.m2/repository/io/papermc/paper/paper-api/26.3-pre-2.build.0-alpha/paper-api-26.3-pre-2.build.0-alpha.jar(/io/papermc/paper/scoreboard/numbers/NumberFormat.class)
    class file has wrong version 69.0, should be 65.0
    Please remove or make sure it appears in the correct subdirectory of the classpath.
[ERROR] /home/runner/work/Snowcore/Snowcore/src/main/java/me/snownw/core/service/EconomyService.java:[8,25] cannot access org.bukkit.plugin.Plugin
  bad class file: /home/runner/.m2/repository/io/papermc/paper/paper-api/26.3-pre-2.build.0-alpha/paper-api-26.3-pre-2.build.0-alpha.jar(/org/bukkit/plugin/Plugin.class)
    class file has wrong version 69.0, should be 65.0
    Please remove or make sure it appears in the correct subdirectory of the classpath.
[ERROR] /home/runner/work/Snowcore/Snowcore/src/main/java/me/snownw/core/service/EconomyService.java:[9,25] cannot access org.bukkit.plugin.RegisteredServiceProvider
  bad class file: /home/runner/.m2/repository/io/papermc/paper/paper-api/26.3-pre-2.build.0-alpha/paper-api-26.3-pre-2.build.0-alpha.jar(/org/bukkit/plugin/RegisteredServiceProvider.class)
    class file has wrong version 69.0, should be 65.0
    Please remove or make sure it appears in the correct subdirectory of the classpath.
[ERROR] /home/runner/work/Snowcore/Snowcore/src/main/java/me/snownw/core/service/EnderChestService.java:[8,28] cannot access org.bukkit.inventory.Inventory
  bad class file: /home/runner/.m2/repository/io/papermc/paper/paper-api/26.3-pre-2.build.0-alpha/paper-api-26.3-pre-2.build.0-alpha.jar(/org/bukkit/inventory/Inventory.class)
    class file has wrong version 69.0, should be 65.0
    Please remove or make sure it appears in the correct subdirectory of the classpath.
[ERROR] /home/runner/work/Snowcore/Snowcore/src/main/java/me/snownw/core/service/EnderChestService.java:[9,28] cannot access org.bukkit.inventory.InventoryHolder
  bad class file: /home/runner/.m2/repository/io/papermc/paper/paper-api/26.3-pre-2.build.0-alpha/paper-api-26.3-pre-2.build.0-alpha.jar(/org/bukkit/inventory/InventoryHolder.class)
    class file has wrong version 69.0, should be 65.0
    Please remove or make sure it appears in the correct subdirectory of the classpath.
[ERROR] /home/runner/work/Snowcore/Snowcore/src/main/java/me/snownw/core/service/CuboidService.java:[11,33] cannot access org.bukkit.inventory.meta.ItemMeta
  bad class file: /home/runner/.m2/repository/io/papermc/paper/paper-api/26.3-pre-2.build.0-alpha/paper-api-26.3-pre-2.build.0-alpha.jar(/org/bukkit/inventory/meta/ItemMeta.class)
    class file has wrong version 69.0, should be 65.0
    Please remove or make sure it appears in the correct subdirectory of the classpath.
[ERROR] /home/runner/work/Snowcore/Snowcore/src/main/java/me/snownw/core/service/AreaService.java:[9,24] cannot access org.bukkit.block.Block
  bad class file: /home/runner/.m2/repository/io/papermc/paper/paper-api/26.3-pre-2.build.0-alpha/paper-api-26.3-pre-2.build.0-alpha.jar(/org/bukkit/block/Block.class)
    class file has wrong version 69.0, should be 65.0
    Please remove or make sure it appears in the correct subdirectory of the classpath.
[ERROR] /home/runner/work/Snowcore/Snowcore/src/main/java/me/snownw/core/service/AreaService.java:[11,25] cannot access org.bukkit.entity.Display
  bad class file: /home/runner/.m2/repository/io/papermc/paper/paper-api/26.3-pre-2.build.0-alpha/paper-api-26.3-pre-2.build.0-alpha.jar(/org/bukkit/entity/Display.class)
    class file has wrong version 69.0, should be 65.0
    Please remove or make sure it appears in the correct subdirectory of the classpath.
[ERROR] /home/runner/work/Snowcore/Snowcore/src/main/java/me/snownw/core/service/AreaService.java:[12,25] cannot access org.bukkit.entity.Entity
  bad class file: /home/runner/.m2/repository/io/papermc/paper/paper-api/26.3-pre-2.build.0-alpha/paper-api-26.3-pre-2.build.0-alpha.jar(/org/bukkit/entity/Entity.class)
    class file has wrong version 69.0, should be 65.0
    Please remove or make sure it appears in the correct subdirectory of the classpath.
[ERROR] /home/runner/work/Snowcore/Snowcore/src/main/java/me/snownw/core/service/AreaService.java:[13,25] cannot access org.bukkit.entity.TextDisplay
  bad class file: /home/runner/.m2/repository/io/papermc/paper/paper-api/26.3-pre-2.build.0-alpha/paper-api-26.3-pre-2.build.0-alpha.jar(/org/bukkit/entity/TextDisplay.class)
    class file has wrong version 69.0, should be 65.0
    Please remove or make sure it appears in the correct subdirectory of the classpath.
[ERROR] /home/runner/work/Snowcore/Snowcore/src/main/java/me/snownw/core/listener/AreaListener.java:[8,24] cannot access org.bukkit.event.EventHandler
  bad class file: /home/runner/.m2/repository/io/papermc/paper/paper-api/26.3-pre-2.build.0-alpha/paper-api-26.3-pre-2.build.0-alpha.jar(/org/bukkit/event/EventHandler.class)
    class file has wrong version 69.0, should be 65.0
    Please remove or make sure it appears in the correct subdirectory of the classpath.
[ERROR] /home/runner/work/Snowcore/Snowcore/src/main/java/me/snownw/core/listener/AreaListener.java:[9,24] cannot access org.bukkit.event.EventPriority
  bad class file: /home/runner/.m2/repository/io/papermc/paper/paper-api/26.3-pre-2.build.0-alpha/paper-api-26.3-pre-2.build.0-alpha.jar(/org/bukkit/event/EventPriority.class)
    class file has wrong version 69.0, should be 65.0
    Please remove or make sure it appears in the correct subdirectory of the classpath.
[ERROR] /home/runner/work/Snowcore/Snowcore/src/main/java/me/snownw/core/listener/AreaListener.java:[10,24] cannot access org.bukkit.event.Listener
  bad class file: /home/runner/.m2/repository/io/papermc/paper/paper-api/26.3-pre-2.build.0-alpha/paper-api-26.3-pre-2.build.0-alpha.jar(/org/bukkit/event/Listener.class)
    class file has wrong version 69.0, should be 65.0
    Please remove or make sure it appears in the correct subdirectory of the classpath.
[ERROR] /home/runner/work/Snowcore/Snowcore/src/main/java/me/snownw/core/listener/AreaListener.java:[11,30] cannot access org.bukkit.event.block.BlockBreakEvent
  bad class file: /home/runner/.m2/repository/io/papermc/paper/paper-api/26.3-pre-2.build.0-alpha/paper-api-26.3-pre-2.build.0-alpha.jar(/org/bukkit/event/block/BlockBreakEvent.class)
    class file has wrong version 69.0, should be 65.0
    Please remove or make sure it appears in the correct subdirectory of the classpath.
[ERROR] /home/runner/work/Snowcore/Snowcore/src/main/java/me/snownw/core/listener/AreaListener.java:[12,30] cannot access org.bukkit.event.block.BlockPlaceEvent
  bad class file: /home/runner/.m2/repository/io/papermc/paper/paper-api/26.3-pre-2.build.0-alpha/paper-api-26.3-pre-2.build.0-alpha.jar(/org/bukkit/event/block/BlockPlaceEvent.class)
    class file has wrong version 69.0, should be 65.0
    Please remove or make sure it appears in the correct subdirectory of the classpath.
[ERROR] /home/runner/work/Snowcore/Snowcore/src/main/java/me/snownw/core/listener/AreaListener.java:[13,34] cannot access org.bukkit.event.inventory.InventoryOpenEvent
  bad class file: /home/runner/.m2/repository/io/papermc/paper/paper-api/26.3-pre-2.build.0-alpha/paper-api-26.3-pre-2.build.0-alpha.jar(/org/bukkit/event/inventory/InventoryOpenEvent.class)
    class file has wrong version 69.0, should be 65.0
    Please remove or make sure it appears in the correct subdirectory of the classpath.
[ERROR] /home/runner/work/Snowcore/Snowcore/src/main/java/me/snownw/core/listener/AreaListener.java:[14,31] cannot access org.bukkit.event.player.PlayerInteractEvent
  bad class file: /home/runner/.m2/repository/io/papermc/paper/paper-api/26.3-pre-2.build.0-alpha/paper-api-26.3-pre-2.build.0-alpha.jar(/org/bukkit/event/player/PlayerInteractEvent.class)
    class file has wrong version 69.0, should be 65.0
    Please remove or make sure it appears in the correct subdirectory of the classpath.
[ERROR] /home/runner/work/Snowcore/Snowcore/src/main/java/me/snownw/core/listener/AreaListener.java:[15,31] cannot access org.bukkit.event.player.PlayerMoveEvent
  bad class file: /home/runner/.m2/repository/io/papermc/paper/paper-api/26.3-pre-2.build.0-alpha/paper-api-26.3-pre-2.build.0-alpha.jar(/org/bukkit/event/player/PlayerMoveEvent.class)
    class file has wrong version 69.0, should be 65.0
    Please remove or make sure it appears in the correct subdirectory of the classpath.
[ERROR] /home/runner/work/Snowcore/Snowcore/src/main/java/me/snownw/core/listener/AreaListener.java:[16,31] cannot access org.bukkit.event.player.PlayerQuitEvent
  bad class file: /home/runner/.m2/repository/io/papermc/paper/paper-api/26.3-pre-2.build.0-alpha/paper-api-26.3-pre-2.build.0-alpha.jar(/org/bukkit/event/player/PlayerQuitEvent.class)
    class file has wrong version 69.0, should be 65.0
    Please remove or make sure it appears in the correct subdirectory of the classpath.
[ERROR] /home/runner/work/Snowcore/Snowcore/src/main/java/me/snownw/core/service/ShopService.java:[9,30] cannot access org.bukkit.persistence.PersistentDataType
  bad class file: /home/runner/.m2/repository/io/papermc/paper/paper-api/26.3-pre-2.build.0-alpha/paper-api-26.3-pre-2.build.0-alpha.jar(/org/bukkit/persistence/PersistentDataType.class)
    class file has wrong version 69.0, should be 65.0
    Please remove or make sure it appears in the correct subdirectory of the classpath.
[ERROR] /home/runner/work/Snowcore/Snowcore/src/main/java/me/snownw/core/service/ShopService.java:[10,18] cannot access org.bukkit.NamespacedKey
  bad class file: /home/runner/.m2/repository/io/papermc/paper/paper-api/26.3-pre-2.build.0-alpha/paper-api-26.3-pre-2.build.0-alpha.jar(/org/bukkit/NamespacedKey.class)
    class file has wrong version 69.0, should be 65.0
    Please remove or make sure it appears in the correct subdirectory of the classpath.
[ERROR] /home/runner/work/Snowcore/Snowcore/src/main/java/me/snownw/core/service/ShopService.java:[11,25] cannot access org.bukkit.entity.EntityType
  bad class file: /home/runner/.m2/repository/io/papermc/paper/paper-api/26.3-pre-2.build.0-alpha/paper-api-26.3-pre-2.build.0-alpha.jar(/org/bukkit/entity/EntityType.class)
    class file has wrong version 69.0, should be 65.0
    Please remove or make sure it appears in the correct subdirectory of the classpath.
[ERROR] /home/runner/work/Snowcore/Snowcore/src/main/java/me/snownw/core/listener/MobHideListener.java:[7,25] cannot access org.bukkit.entity.LivingEntity
  bad class file: /home/runner/.m2/repository/io/papermc/paper/paper-api/26.3-pre-2.build.0-alpha/paper-api-26.3-pre-2.build.0-alpha.jar(/org/bukkit/entity/LivingEntity.class)
    class file has wrong version 69.0, should be 65.0
    Please remove or make sure it appears in the correct subdirectory of the classpath.
[ERROR] /home/runner/work/Snowcore/Snowcore/src/main/java/me/snownw/core/listener/MobHideListener.java:[8,25] cannot access org.bukkit.entity.Mob
  bad class file: /home/runner/.m2/repository/io/papermc/paper/paper-api/26.3-pre-2.build.0-alpha/paper-api-26.3-pre-2.build.0-alpha.jar(/org/bukkit/entity/Mob.class)
    class file has wrong version 69.0, should be 65.0
    Please remove or make sure it appears in the correct subdirectory of the classpath.
[ERROR] /home/runner/work/Snowcore/Snowcore/src/main/java/me/snownw/core/listener/MobHideListener.java:[13,31] cannot access org.bukkit.event.entity.CreatureSpawnEvent
  bad class file: /home/runner/.m2/repository/io/papermc/paper/paper-api/26.3-pre-2.build.0-alpha/paper-api-26.3-pre-2.build.0-alpha.jar(/org/bukkit/event/entity/CreatureSpawnEvent.class)
    class file has wrong version 69.0, should be 65.0
    Please remove or make sure it appears in the correct subdirectory of the classpath.
[ERROR] /home/runner/work/Snowcore/Snowcore/src/main/java/me/snownw/core/listener/MobHideListener.java:[14,31] cannot access org.bukkit.event.entity.EntityDamageByEntityEvent
  bad class file: /home/runner/.m2/repository/io/papermc/paper/paper-api/26.3-pre-2.build.0-alpha/paper-api-26.3-pre-2.build.0-alpha.jar(/org/bukkit/event/entity/EntityDamageByEntityEvent.class)
    class file has wrong version 69.0, should be 65.0
    Please remove or make sure it appears in the correct subdirectory of the classpath.
[ERROR] /home/runner/work/Snowcore/Snowcore/src/main/java/me/snownw/core/listener/MobHideListener.java:[15,31] cannot access org.bukkit.event.entity.EntityTargetEvent
  bad class file: /home/runner/.m2/repository/io/papermc/paper/paper-api/26.3-pre-2.build.0-alpha/paper-api-26.3-pre-2.build.0-alpha.jar(/org/bukkit/event/entity/EntityTargetEvent.class)
    class file has wrong version 69.0, should be 65.0
    Please remove or make sure it appears in the correct subdirectory of the classpath.
[ERROR] /home/runner/work/Snowcore/Snowcore/src/main/java/me/snownw/core/listener/MobHideListener.java:[16,31] cannot access org.bukkit.event.entity.EntityTargetLivingEntityEvent
  bad class file: /home/runner/.m2/repository/io/papermc/paper/paper-api/26.3-pre-2.build.0-alpha/paper-api-26.3-pre-2.build.0-alpha.jar(/org/bukkit/event/entity/EntityTargetLivingEntityEvent.class)
    class file has wrong version 69.0, should be 65.0
    Please remove or make sure it appears in the correct subdirectory of the classpath.
[ERROR] /home/runner/work/Snowcore/Snowcore/src/main/java/me/snownw/core/listener/MobHideListener.java:[17,31] cannot access org.bukkit.event.player.PlayerJoinEvent
  bad class file: /home/runner/.m2/repository/io/papermc/paper/paper-api/26.3-pre-2.build.0-alpha/paper-api-26.3-pre-2.build.0-alpha.jar(/org/bukkit/event/player/PlayerJoinEvent.class)
    class file has wrong version 69.0, should be 65.0
    Please remove or make sure it appears in the correct subdirectory of the classpath.
[ERROR] /home/runner/work/Snowcore/Snowcore/src/main/java/me/snownw/core/service/SpawnStashService.java:[9,24] cannot access org.bukkit.block.BlockState
  bad class file: /home/runner/.m2/repository/io/papermc/paper/paper-api/26.3-pre-2.build.0-alpha/paper-api-26.3-pre-2.build.0-alpha.jar(/org/bukkit/block/BlockState.class)
    class file has wrong version 69.0, should be 65.0
    Please remove or make sure it appears in the correct subdirectory of the classpath.
[ERROR] /home/runner/work/Snowcore/Snowcore/src/main/java/me/snownw/core/service/SpawnStashService.java:[10,24] cannot access org.bukkit.block.Container
  bad class file: /home/runner/.m2/repository/io/papermc/paper/paper-api/26.3-pre-2.build.0-alpha/paper-api-26.3-pre-2.build.0-alpha.jar(/org/bukkit/block/Container.class)
    class file has wrong version 69.0, should be 65.0
    Please remove or make sure it appears in the correct subdirectory of the classpath.
[ERROR] /home/runner/work/Snowcore/Snowcore/src/main/java/me/snownw/core/service/SpawnStashService.java:[11,24] cannot access org.bukkit.block.CreatureSpawner
  bad class file: /home/runner/.m2/repository/io/papermc/paper/paper-api/26.3-pre-2.build.0-alpha/paper-api-26.3-pre-2.build.0-alpha.jar(/org/bukkit/block/CreatureSpawner.class)
    class file has wrong version 69.0, should be 65.0
    Please remove or make sure it appears in the correct subdirectory of the classpath.
[ERROR] /home/runner/work/Snowcore/Snowcore/src/main/java/me/snownw/core/service/SpawnStashService.java:[12,24] cannot access org.bukkit.block.Sign
  bad class file: /home/runner/.m2/repository/io/papermc/paper/paper-api/26.3-pre-2.build.0-alpha/paper-api-26.3-pre-2.build.0-alpha.jar(/org/bukkit/block/Sign.class)
    class file has wrong version 69.0, should be 65.0
    Please remove or make sure it appears in the correct subdirectory of the classpath.
[ERROR] /home/runner/work/Snowcore/Snowcore/src/main/java/me/snownw/core/service/FakePlayerService.java:[7,25] cannot access org.bukkit.entity.ArmorStand
  bad class file: /home/runner/.m2/repository/io/papermc/paper/paper-api/26.3-pre-2.build.0-alpha/paper-api-26.3-pre-2.build.0-alpha.jar(/org/bukkit/entity/ArmorStand.class)
    class file has wrong version 69.0, should be 65.0
    Please remove or make sure it appears in the correct subdirectory of the classpath.
[ERROR] /home/runner/work/Snowcore/Snowcore/src/main/java/me/snownw/core/service/FakePlayerService.java:[11,33] cannot access org.bukkit.inventory.meta.LeatherArmorMeta
  bad class file: /home/runner/.m2/repository/io/papermc/paper/paper-api/26.3-pre-2.build.0-alpha/paper-api-26.3-pre-2.build.0-alpha.jar(/org/bukkit/inventory/meta/LeatherArmorMeta.class)
    class file has wrong version 69.0, should be 65.0
    Please remove or make sure it appears in the correct subdirectory of the classpath.
[ERROR] /home/runner/work/Snowcore/Snowcore/src/main/java/me/snownw/core/service/FakePlayerService.java:[12,33] cannot access org.bukkit.inventory.meta.SkullMeta
  bad class file: /home/runner/.m2/repository/io/papermc/paper/paper-api/26.3-pre-2.build.0-alpha/paper-api-26.3-pre-2.build.0-alpha.jar(/org/bukkit/inventory/meta/SkullMeta.class)
    class file has wrong version 69.0, should be 65.0
    Please remove or make sure it appears in the correct subdirectory of the classpath.
[ERROR] /home/runner/work/Snowcore/Snowcore/src/main/java/me/snownw/core/service/OffenseService.java:[12,18] cannot access org.bukkit.BanList
  bad class file: /home/runner/.m2/repository/io/papermc/paper/paper-api/26.3-pre-2.build.0-alpha/paper-api-26.3-pre-2.build.0-alpha.jar(/org/bukkit/BanList.class)
    class file has wrong version 69.0, should be 65.0
    Please remove or make sure it appears in the correct subdirectory of the classpath.
[ERROR] /home/runner/work/Snowcore/Snowcore/src/main/java/me/snownw/core/service/AmethystToolService.java:[7,18] cannot access org.bukkit.Particle
  bad class file: /home/runner/.m2/repository/io/papermc/paper/paper-api/26.3-pre-2.build.0-alpha/paper-api-26.3-pre-2.build.0-alpha.jar(/org/bukkit/Particle.class)
    class file has wrong version 69.0, should be 65.0
    Please remove or make sure it appears in the correct subdirectory of the classpath.
[ERROR] /home/runner/work/Snowcore/Snowcore/src/main/java/me/snownw/core/service/AmethystToolService.java:[10,29] cannot access org.bukkit.block.data.Waterlogged
  bad class file: /home/runner/.m2/repository/io/papermc/paper/paper-api/26.3-pre-2.build.0-alpha/paper-api-26.3-pre-2.build.0-alpha.jar(/org/bukkit/block/data/Waterlogged.class)
    class file has wrong version 69.0, should be 65.0
    Please remove or make sure it appears in the correct subdirectory of the classpath.
[ERROR] /home/runner/work/Snowcore/Snowcore/src/main/java/me/snownw/core/service/AmethystToolService.java:[13,28] cannot access org.bukkit.inventory.ItemFlag
  bad class file: /home/runner/.m2/repository/io/papermc/paper/paper-api/26.3-pre-2.build.0-alpha/paper-api-26.3-pre-2.build.0-alpha.jar(/org/bukkit/inventory/ItemFlag.class)
    class file has wrong version 69.0, should be 65.0
    Please remove or make sure it appears in the correct subdirectory of the classpath.
[ERROR] /home/runner/work/Snowcore/Snowcore/src/main/java/me/snownw/core/service/AmethystToolService.java:[16,30] cannot access org.bukkit.persistence.PersistentDataContainer
  bad class file: /home/runner/.m2/repository/io/papermc/paper/paper-api/26.3-pre-2.build.0-alpha/paper-api-26.3-pre-2.build.0-alpha.jar(/org/bukkit/persistence/PersistentDataContainer.class)
    class file has wrong version 69.0, should be 65.0
    Please remove or make sure it appears in the correct subdirectory of the classpath.
[ERROR] /home/runner/work/Snowcore/Snowcore/src/main/java/me/snownw/core/service/AmethystToolService.java:[18,33] cannot access org.bukkit.inventory.meta.PotionMeta
  bad class file: /home/runner/.m2/repository/io/papermc/paper/paper-api/26.3-pre-2.build.0-alpha/paper-api-26.3-pre-2.build.0-alpha.jar(/org/bukkit/inventory/meta/PotionMeta.class)
    class file has wrong version 69.0, should be 65.0
    Please remove or make sure it appears in the correct subdirectory of the classpath.
[ERROR] /home/runner/work/Snowcore/Snowcore/src/main/java/me/snownw/core/command/CoreCommands.java:[7,26] cannot access org.bukkit.command.Command
  bad class file: /home/runner/.m2/repository/io/papermc/paper/paper-api/26.3-pre-2.build.0-alpha/paper-api-26.3-pre-2.build.0-alpha.jar(/org/bukkit/command/Command.class)
    class file has wrong version 69.0, should be 65.0
    Please remove or make sure it appears in the correct subdirectory of the classpath.
[ERROR] /home/runner/work/Snowcore/Snowcore/src/main/java/me/snownw/core/command/CoreCommands.java:[8,26] cannot access org.bukkit.command.CommandExecutor
  bad class file: /home/runner/.m2/repository/io/papermc/paper/paper-api/26.3-pre-2.build.0-alpha/paper-api-26.3-pre-2.build.0-alpha.jar(/org/bukkit/command/CommandExecutor.class)
    class file has wrong version 69.0, should be 65.0
    Please remove or make sure it appears in the correct subdirectory of the classpath.
[ERROR] /home/runner/work/Snowcore/Snowcore/src/main/java/me/snownw/core/command/CoreCommands.java:[10,26] cannot access org.bukkit.command.TabCompleter
  bad class file: /home/runner/.m2/repository/io/papermc/paper/paper-api/26.3-pre-2.build.0-alpha/paper-api-26.3-pre-2.build.0-alpha.jar(/org/bukkit/command/TabCompleter.class)
    class file has wrong version 69.0, should be 65.0
    Please remove or make sure it appears in the correct subdirectory of the classpath.
[ERROR] /home/runner/work/Snowcore/Snowcore/src/main/java/me/snownw/core/dialog/DialogListener.java:[8,35] cannot access io.papermc.paper.connection.PlayerGameConnection
  bad class file: /home/runner/.m2/repository/io/papermc/paper/paper-api/26.3-pre-2.build.0-alpha/paper-api-26.3-pre-2.build.0-alpha.jar(/io/papermc/paper/connection/PlayerGameConnection.class)
    class file has wrong version 69.0, should be 65.0
    Please remove or make sure it appears in the correct subdirectory of the classpath.
[ERROR] /home/runner/work/Snowcore/Snowcore/src/main/java/me/snownw/core/dialog/DialogListener.java:[9,31] cannot access io.papermc.paper.dialog.DialogResponseView
  bad class file: /home/runner/.m2/repository/io/papermc/paper/paper-api/26.3-pre-2.build.0-alpha/paper-api-26.3-pre-2.build.0-alpha.jar(/io/papermc/paper/dialog/DialogResponseView.class)
    class file has wrong version 69.0, should be 65.0
    Please remove or make sure it appears in the correct subdirectory of the classpath.
[ERROR] /home/runner/work/Snowcore/Snowcore/src/main/java/me/snownw/core/dialog/DialogListener.java:[10,37] cannot access io.papermc.paper.event.player.PlayerCustomClickEvent
  bad class file: /home/runner/.m2/repository/io/papermc/paper/paper-api/26.3-pre-2.build.0-alpha/paper-api-26.3-pre-2.build.0-alpha.jar(/io/papermc/paper/event/player/PlayerCustomClickEvent.class)
    class file has wrong version 69.0, should be 65.0
    Please remove or make sure it appears in the correct subdirectory of the classpath.
[ERROR] /home/runner/work/Snowcore/Snowcore/src/main/java/me/snownw/core/gui/ClassicMenusListener.java:[10,34] cannot access org.bukkit.event.inventory.InventoryClickEvent
  bad class file: /home/runner/.m2/repository/io/papermc/paper/paper-api/26.3-pre-2.build.0-alpha/paper-api-26.3-pre-2.build.0-alpha.jar(/org/bukkit/event/inventory/InventoryClickEvent.class)
    class file has wrong version 69.0, should be 65.0
    Please remove or make sure it appears in the correct subdirectory of the classpath.
[ERROR] /home/runner/work/Snowcore/Snowcore/src/main/java/me/snownw/core/gui/ItemSearchListener.java:[6,34] cannot access org.bukkit.event.inventory.InventoryDragEvent
  bad class file: /home/runner/.m2/repository/io/papermc/paper/paper-api/26.3-pre-2.build.0-alpha/paper-api-26.3-pre-2.build.0-alpha.jar(/org/bukkit/event/inventory/InventoryDragEvent.class)
    class file has wrong version 69.0, should be 65.0
    Please remove or make sure it appears in the correct subdirectory of the classpath.
[ERROR] /home/runner/work/Snowcore/Snowcore/src/main/java/me/snownw/core/listener/AmethystToolListener.java:[13,30] cannot access org.bukkit.event.block.Action
  bad class file: /home/runner/.m2/repository/io/papermc/paper/paper-api/26.3-pre-2.build.0-alpha/paper-api-26.3-pre-2.build.0-alpha.jar(/org/bukkit/event/block/Action.class)
    class file has wrong version 69.0, should be 65.0
    Please remove or make sure it appears in the correct subdirectory of the classpath.
[ERROR] /home/runner/work/Snowcore/Snowcore/src/main/java/me/snownw/core/listener/AmethystToolListener.java:[15,31] cannot access org.bukkit.event.player.PlayerItemConsumeEvent
  bad class file: /home/runner/.m2/repository/io/papermc/paper/paper-api/26.3-pre-2.build.0-alpha/paper-api-26.3-pre-2.build.0-alpha.jar(/org/bukkit/event/player/PlayerItemConsumeEvent.class)
    class file has wrong version 69.0, should be 65.0
    Please remove or make sure it appears in the correct subdirectory of the classpath.
[ERROR] /home/runner/work/Snowcore/Snowcore/src/main/java/me/snownw/core/listener/AmethystToolListener.java:[16,28] cannot access org.bukkit.inventory.EquipmentSlot
  bad class file: /home/runner/.m2/repository/io/papermc/paper/paper-api/26.3-pre-2.build.0-alpha/paper-api-26.3-pre-2.build.0-alpha.jar(/org/bukkit/inventory/EquipmentSlot.class)
    class file has wrong version 69.0, should be 65.0
    Please remove or make sure it appears in the correct subdirectory of the classpath.
[ERROR] /home/runner/work/Snowcore/Snowcore/src/main/java/me/snownw/core/listener/ChatSocialListener.java:[6,37] cannot access io.papermc.paper.event.player.AsyncChatEvent
  bad class file: /home/runner/.m2/repository/io/papermc/paper/paper-api/26.3-pre-2.build.0-alpha/paper-api-26.3-pre-2.build.0-alpha.jar(/io/papermc/paper/event/player/AsyncChatEvent.class)
    class file has wrong version 69.0, should be 65.0
    Please remove or make sure it appears in the correct subdirectory of the classpath.
[ERROR] /home/runner/work/Snowcore/Snowcore/src/main/java/me/snownw/core/listener/ChatSocialListener.java:[13,31] cannot access org.bukkit.event.entity.PlayerDeathEvent
  bad class file: /home/runner/.m2/repository/io/papermc/paper/paper-api/26.3-pre-2.build.0-alpha/paper-api-26.3-pre-2.build.0-alpha.jar(/org/bukkit/event/entity/PlayerDeathEvent.class)
    class file has wrong version 69.0, should be 65.0
    Please remove or make sure it appears in the correct subdirectory of the classpath.
[ERROR] /home/runner/work/Snowcore/Snowcore/src/main/java/me/snownw/core/listener/CombatListener.java:[7,25] cannot access org.bukkit.entity.Projectile
  bad class file: /home/runner/.m2/repository/io/papermc/paper/paper-api/26.3-pre-2.build.0-alpha/paper-api-26.3-pre-2.build.0-alpha.jar(/org/bukkit/entity/Projectile.class)
    class file has wrong version 69.0, should be 65.0
    Please remove or make sure it appears in the correct subdirectory of the classpath.
[ERROR] /home/runner/work/Snowcore/Snowcore/src/main/java/me/snownw/core/listener/CombatListener.java:[13,31] cannot access org.bukkit.event.player.PlayerCommandPreprocessEvent
  bad class file: /home/runner/.m2/repository/io/papermc/paper/paper-api/26.3-pre-2.build.0-alpha/paper-api-26.3-pre-2.build.0-alpha.jar(/org/bukkit/event/player/PlayerCommandPreprocessEvent.class)
    class file has wrong version 69.0, should be 65.0
    Please remove or make sure it appears in the correct subdirectory of the classpath.
[ERROR] /home/runner/work/Snowcore/Snowcore/src/main/java/me/snownw/core/listener/EnderChestListener.java:[12,34] cannot access org.bukkit.event.inventory.InventoryCloseEvent
  bad class file: /home/runner/.m2/repository/io/papermc/paper/paper-api/26.3-pre-2.build.0-alpha/paper-api-26.3-pre-2.build.0-alpha.jar(/org/bukkit/event/inventory/InventoryCloseEvent.class)
    class file has wrong version 69.0, should be 65.0
    Please remove or make sure it appears in the correct subdirectory of the classpath.
[ERROR] /home/runner/work/Snowcore/Snowcore/src/main/java/me/snownw/core/listener/ExtraSystemsListener.java:[22,36] cannot access org.bukkit.event.player.PlayerDropItemEvent
  bad class file: /home/runner/.m2/repository/io/papermc/paper/paper-api/26.3-pre-2.build.0-alpha/paper-api-26.3-pre-2.build.0-alpha.jar(/org/bukkit/event/player/PlayerDropItemEvent.class)
    class file has wrong version 69.0, should be 65.0
    Please remove or make sure it appears in the correct subdirectory of the classpath.
[ERROR] /home/runner/work/Snowcore/Snowcore/src/main/java/me/snownw/core/listener/MuteRestrictionListener.java:[9,30] cannot access org.bukkit.event.block.SignChangeEvent
  bad class file: /home/runner/.m2/repository/io/papermc/paper/paper-api/26.3-pre-2.build.0-alpha/paper-api-26.3-pre-2.build.0-alpha.jar(/org/bukkit/event/block/SignChangeEvent.class)
    class file has wrong version 69.0, should be 65.0
    Please remove or make sure it appears in the correct subdirectory of the classpath.
[ERROR] /home/runner/work/Snowcore/Snowcore/src/main/java/me/snownw/core/listener/PvpSettingsListener.java:[5,25] cannot access org.bukkit.entity.EnderCrystal
  bad class file: /home/runner/.m2/repository/io/papermc/paper/paper-api/26.3-pre-2.build.0-alpha/paper-api-26.3-pre-2.build.0-alpha.jar(/org/bukkit/entity/EnderCrystal.class)
    class file has wrong version 69.0, should be 65.0
    Please remove or make sure it appears in the correct subdirectory of the classpath.
[ERROR] /home/runner/work/Snowcore/Snowcore/src/main/java/me/snownw/core/listener/PvpSettingsListener.java:[12,31] cannot access org.bukkit.event.entity.EntityExplodeEvent
  bad class file: /home/runner/.m2/repository/io/papermc/paper/paper-api/26.3-pre-2.build.0-alpha/paper-api-26.3-pre-2.build.0-alpha.jar(/org/bukkit/event/entity/EntityExplodeEvent.class)
    class file has wrong version 69.0, should be 65.0
    Please remove or make sure it appears in the correct subdirectory of the classpath.
[ERROR] /home/runner/work/Snowcore/Snowcore/src/main/java/me/snownw/core/listener/StatsListener.java:[11,31] cannot access org.bukkit.event.entity.EntityDeathEvent
  bad class file: /home/runner/.m2/repository/io/papermc/paper/paper-api/26.3-pre-2.build.0-alpha/paper-api-26.3-pre-2.build.0-alpha.jar(/org/bukkit/event/entity/EntityDeathEvent.class)
    class file has wrong version 69.0, should be 65.0
    Please remove or make sure it appears in the correct subdirectory of the classpath.
[INFO] 100 errors 
[INFO] -------------------------------------------------------------
[INFO] ------------------------------------------------------------------------
[INFO] BUILD FAILURE
[INFO] ------------------------------------------------------------------------
[INFO] Total time:  23.065 s
[INFO] Finished at: 2026-09-24T18:59:45Z
[INFO] ------------------------------------------------------------------------
[ERROR] Failed to execute goal org.apache.maven.plugins:maven-compiler-plugin:3.13.0:compile (default-compile) on project SnowNWCore: Compilation failure: Compilation failure: 
[ERROR] /home/runner/work/Snowcore/Snowcore/src/main/java/me/snownw/core/SnowNWBootstrap.java:[3,31] cannot access io.papermc.paper.dialog.Dialog
[ERROR]   bad class file: /home/runner/.m2/repository/io/papermc/paper/paper-api/26.3-pre-2.build.0-alpha/paper-api-26.3-pre-2.build.0-alpha.jar(/io/papermc/paper/dialog/Dialog.class)
[ERROR]     class file has wrong version 69.0, should be 65.0
[ERROR]     Please remove or make sure it appears in the correct subdirectory of the classpath.
[ERROR] /home/runner/work/Snowcore/Snowcore/src/main/java/me/snownw/core/SnowNWBootstrap.java:[4,41] cannot access io.papermc.paper.plugin.bootstrap.BootstrapContext
[ERROR]   bad class file: /home/runner/.m2/repository/io/papermc/paper/paper-api/26.3-pre-2.build.0-alpha/paper-api-26.3-pre-2.build.0-alpha.jar(/io/papermc/paper/plugin/bootstrap/BootstrapContext.class)
[ERROR]     class file has wrong version 69.0, should be 65.0
[ERROR]     Please remove or make sure it appears in the correct subdirectory of the classpath.
[ERROR] /home/runner/work/Snowcore/Snowcore/src/main/java/me/snownw/core/SnowNWBootstrap.java:[5,41] cannot access io.papermc.paper.plugin.bootstrap.PluginBootstrap
[ERROR]   bad class file: /home/runner/.m2/repository/io/papermc/paper/paper-api/26.3-pre-2.build.0-alpha/paper-api-26.3-pre-2.build.0-alpha.jar(/io/papermc/paper/plugin/bootstrap/PluginBootstrap.class)
[ERROR]     class file has wrong version 69.0, should be 65.0
[ERROR]     Please remove or make sure it appears in the correct subdirectory of the classpath.
[ERROR] /home/runner/work/Snowcore/Snowcore/src/main/java/me/snownw/core/SnowNWBootstrap.java:[6,53] cannot access io.papermc.paper.plugin.lifecycle.event.types.LifecycleEvents
[ERROR]   bad class file: /home/runner/.m2/repository/io/papermc/paper/paper-api/26.3-pre-2.build.0-alpha/paper-api-26.3-pre-2.build.0-alpha.jar(/io/papermc/paper/plugin/lifecycle/event/types/LifecycleEvents.class)
[ERROR]     class file has wrong version 69.0, should be 65.0
[ERROR]     Please remove or make sure it appears in the correct subdirectory of the classpath.
[ERROR] /home/runner/work/Snowcore/Snowcore/src/main/java/me/snownw/core/SnowNWBootstrap.java:[7,33] cannot access io.papermc.paper.registry.RegistryKey
[ERROR]   bad class file: /home/runner/.m2/repository/io/papermc/paper/paper-api/26.3-pre-2.build.0-alpha/paper-api-26.3-pre-2.build.0-alpha.jar(/io/papermc/paper/registry/RegistryKey.class)
[ERROR]     class file has wrong version 69.0, should be 65.0
[ERROR]     Please remove or make sure it appears in the correct subdirectory of the classpath.
[ERROR] /home/runner/work/Snowcore/Snowcore/src/main/java/me/snownw/core/SnowNWBootstrap.java:[8,33] cannot access io.papermc.paper.registry.TypedKey
[ERROR]   bad class file: /home/runner/.m2/repository/io/papermc/paper/paper-api/26.3-pre-2.build.0-alpha/paper-api-26.3-pre-2.build.0-alpha.jar(/io/papermc/paper/registry/TypedKey.class)
[ERROR]     class file has wrong version 69.0, should be 65.0
[ERROR]     Please remove or make sure it appears in the correct subdirectory of the classpath.
[ERROR] /home/runner/work/Snowcore/Snowcore/src/main/java/me/snownw/core/SnowNWBootstrap.java:[9,45] cannot access io.papermc.paper.registry.data.dialog.ActionButton
[ERROR]   bad class file: /home/runner/.m2/repository/io/papermc/paper/paper-api/26.3-pre-2.build.0-alpha/paper-api-26.3-pre-2.build.0-alpha.jar(/io/papermc/paper/registry/data/dialog/ActionButton.class)
[ERROR]     class file has wrong version 69.0, should be 65.0
[ERROR]     Please remove or make sure it appears in the correct subdirectory of the classpath.
[ERROR] /home/runner/work/Snowcore/Snowcore/src/main/java/me/snownw/core/SnowNWBootstrap.java:[10,45] cannot access io.papermc.paper.registry.data.dialog.DialogBase
[ERROR]   bad class file: /home/runner/.m2/repository/io/papermc/paper/paper-api/26.3-pre-2.build.0-alpha/paper-api-26.3-pre-2.build.0-alpha.jar(/io/papermc/paper/registry/data/dialog/DialogBase.class)
[ERROR]     class file has wrong version 69.0, should be 65.0
[ERROR]     Please remove or make sure it appears in the correct subdirectory of the classpath.
[ERROR] /home/runner/work/Snowcore/Snowcore/src/main/java/me/snownw/core/SnowNWBootstrap.java:[11,52] cannot access io.papermc.paper.registry.data.dialog.action.DialogAction
[ERROR]   bad class file: /home/runner/.m2/repository/io/papermc/paper/paper-api/26.3-pre-2.build.0-alpha/paper-api-26.3-pre-2.build.0-alpha.jar(/io/papermc/paper/registry/data/dialog/action/DialogAction.class)
[ERROR]     class file has wrong version 69.0, should be 65.0
[ERROR]     Please remove or make sure it appears in the correct subdirectory of the classpath.
[ERROR] /home/runner/work/Snowcore/Snowcore/src/main/java/me/snownw/core/SnowNWBootstrap.java:[12,50] cannot access io.papermc.paper.registry.data.dialog.body.DialogBody
[ERROR]   bad class file: /home/runner/.m2/repository/io/papermc/paper/paper-api/26.3-pre-2.build.0-alpha/paper-api-26.3-pre-2.build.0-alpha.jar(/io/papermc/paper/registry/data/dialog/body/DialogBody.class)
[ERROR]     class file has wrong version 69.0, should be 65.0
[ERROR]     Please remove or make sure it appears in the correct subdirectory of the classpath.
[ERROR] /home/runner/work/Snowcore/Snowcore/src/main/java/me/snownw/core/SnowNWBootstrap.java:[13,50] cannot access io.papermc.paper.registry.data.dialog.type.DialogType
[ERROR]   bad class file: /home/runner/.m2/repository/io/papermc/paper/paper-api/26.3-pre-2.build.0-alpha/paper-api-26.3-pre-2.build.0-alpha.jar(/io/papermc/paper/registry/data/dialog/type/DialogType.class)
[ERROR]     class file has wrong version 69.0, should be 65.0
[ERROR]     Please remove or make sure it appears in the correct subdirectory of the classpath.
[ERROR] /home/runner/work/Snowcore/Snowcore/src/main/java/me/snownw/core/SnowNWBootstrap.java:[14,39] cannot access io.papermc.paper.registry.event.RegistryEvents
[ERROR]   bad class file: /home/runner/.m2/repository/io/papermc/paper/paper-api/26.3-pre-2.build.0-alpha/paper-api-26.3-pre-2.build.0-alpha.jar(/io/papermc/paper/registry/event/RegistryEvents.class)
[ERROR]     class file has wrong version 69.0, should be 65.0
[ERROR]     Please remove or make sure it appears in the correct subdirectory of the classpath.
[ERROR] /home/runner/work/Snowcore/Snowcore/src/main/java/me/snownw/core/SnowNWBootstrap.java:[15,38] cannot access io.papermc.paper.registry.keys.DialogKeys
[ERROR]   bad class file: /home/runner/.m2/repository/io/papermc/paper/paper-api/26.3-pre-2.build.0-alpha/paper-api-26.3-pre-2.build.0-alpha.jar(/io/papermc/paper/registry/keys/DialogKeys.class)
[ERROR]     class file has wrong version 69.0, should be 65.0
[ERROR]     Please remove or make sure it appears in the correct subdirectory of the classpath.
[ERROR] /home/runner/work/Snowcore/Snowcore/src/main/java/me/snownw/core/SnowNWBootstrap.java:[16,43] cannot access io.papermc.paper.registry.keys.tags.DialogTagKeys
[ERROR]   bad class file: /home/runner/.m2/repository/io/papermc/paper/paper-api/26.3-pre-2.build.0-alpha/paper-api-26.3-pre-2.build.0-alpha.jar(/io/papermc/paper/registry/keys/tags/DialogTagKeys.class)
[ERROR]     class file has wrong version 69.0, should be 65.0
[ERROR]     Please remove or make sure it appears in the correct subdirectory of the classpath.
[ERROR] /home/runner/work/Snowcore/Snowcore/src/main/java/me/snownw/core/SnowNWCorePlugin.java:[41,42] cannot access io.papermc.paper.command.brigadier.BasicCommand
[ERROR]   bad class file: /home/runner/.m2/repository/io/papermc/paper/paper-api/26.3-pre-2.build.0-alpha/paper-api-26.3-pre-2.build.0-alpha.jar(/io/papermc/paper/command/brigadier/BasicCommand.class)
[ERROR]     class file has wrong version 69.0, should be 65.0
[ERROR]     Please remove or make sure it appears in the correct subdirectory of the classpath.
[ERROR] /home/runner/work/Snowcore/Snowcore/src/main/java/me/snownw/core/SnowNWCorePlugin.java:[42,42] cannot access io.papermc.paper.command.brigadier.CommandSourceStack
[ERROR]   bad class file: /home/runner/.m2/repository/io/papermc/paper/paper-api/26.3-pre-2.build.0-alpha/paper-api-26.3-pre-2.build.0-alpha.jar(/io/papermc/paper/command/brigadier/CommandSourceStack.class)
[ERROR]     class file has wrong version 69.0, should be 65.0
[ERROR]     Please remove or make sure it appears in the correct subdirectory of the classpath.
[ERROR] /home/runner/work/Snowcore/Snowcore/src/main/java/me/snownw/core/SnowNWCorePlugin.java:[43,26] cannot access org.bukkit.command.CommandSender
[ERROR]   bad class file: /home/runner/.m2/repository/io/papermc/paper/paper-api/26.3-pre-2.build.0-alpha/paper-api-26.3-pre-2.build.0-alpha.jar(/org/bukkit/command/CommandSender.class)
[ERROR]     class file has wrong version 69.0, should be 65.0
[ERROR]     Please remove or make sure it appears in the correct subdirectory of the classpath.
[ERROR] /home/runner/work/Snowcore/Snowcore/src/main/java/me/snownw/core/SnowNWCorePlugin.java:[44,30] cannot access org.bukkit.plugin.java.JavaPlugin
[ERROR]   bad class file: /home/runner/.m2/repository/io/papermc/paper/paper-api/26.3-pre-2.build.0-alpha/paper-api-26.3-pre-2.build.0-alpha.jar(/org/bukkit/plugin/java/JavaPlugin.class)
[ERROR]     class file has wrong version 69.0, should be 65.0
[ERROR]     Please remove or make sure it appears in the correct subdirectory of the classpath.
[ERROR] /home/runner/work/Snowcore/Snowcore/src/main/java/me/snownw/core/data/HomeStore.java:[3,18] cannot access org.bukkit.Bukkit
[ERROR]   bad class file: /home/runner/.m2/repository/io/papermc/paper/paper-api/26.3-pre-2.build.0-alpha/paper-api-26.3-pre-2.build.0-alpha.jar(/org/bukkit/Bukkit.class)
[ERROR]     class file has wrong version 69.0, should be 65.0
[ERROR]     Please remove or make sure it appears in the correct subdirectory of the classpath.
[ERROR] /home/runner/work/Snowcore/Snowcore/src/main/java/me/snownw/core/data/HomeStore.java:[4,18] cannot access org.bukkit.Location
[ERROR]   bad class file: /home/runner/.m2/repository/io/papermc/paper/paper-api/26.3-pre-2.build.0-alpha/paper-api-26.3-pre-2.build.0-alpha.jar(/org/bukkit/Location.class)
[ERROR]     class file has wrong version 69.0, should be 65.0
[ERROR]     Please remove or make sure it appears in the correct subdirectory of the classpath.
[ERROR] /home/runner/work/Snowcore/Snowcore/src/main/java/me/snownw/core/data/HomeStore.java:[5,18] cannot access org.bukkit.World
[ERROR]   bad class file: /home/runner/.m2/repository/io/papermc/paper/paper-api/26.3-pre-2.build.0-alpha/paper-api-26.3-pre-2.build.0-alpha.jar(/org/bukkit/World.class)
[ERROR]     class file has wrong version 69.0, should be 65.0
[ERROR]     Please remove or make sure it appears in the correct subdirectory of the classpath.
[ERROR] /home/runner/work/Snowcore/Snowcore/src/main/java/me/snownw/core/data/HomeStore.java:[6,32] cannot access org.bukkit.configuration.ConfigurationSection
[ERROR]   bad class file: /home/runner/.m2/repository/io/papermc/paper/paper-api/26.3-pre-2.build.0-alpha/paper-api-26.3-pre-2.build.0-alpha.jar(/org/bukkit/configuration/ConfigurationSection.class)
[ERROR]     class file has wrong version 69.0, should be 65.0
[ERROR]     Please remove or make sure it appears in the correct subdirectory of the classpath.
[ERROR] /home/runner/work/Snowcore/Snowcore/src/main/java/me/snownw/core/data/HomeStore.java:[7,37] cannot access org.bukkit.configuration.file.YamlConfiguration
[ERROR]   bad class file: /home/runner/.m2/repository/io/papermc/paper/paper-api/26.3-pre-2.build.0-alpha/paper-api-26.3-pre-2.build.0-alpha.jar(/org/bukkit/configuration/file/YamlConfiguration.class)
[ERROR]     class file has wrong version 69.0, should be 65.0
[ERROR]     Please remove or make sure it appears in the correct subdirectory of the classpath.
[ERROR] /home/runner/work/Snowcore/Snowcore/src/main/java/me/snownw/core/data/HomeStore.java:[8,25] cannot access org.bukkit.entity.Player
[ERROR]   bad class file: /home/runner/.m2/repository/io/papermc/paper/paper-api/26.3-pre-2.build.0-alpha/paper-api-26.3-pre-2.build.0-alpha.jar(/org/bukkit/entity/Player.class)
[ERROR]     class file has wrong version 69.0, should be 65.0
[ERROR]     Please remove or make sure it appears in the correct subdirectory of the classpath.
[ERROR] /home/runner/work/Snowcore/Snowcore/src/main/java/me/snownw/core/service/TpaService.java:[12,18] cannot access org.bukkit.Sound
[ERROR]   bad class file: /home/runner/.m2/repository/io/papermc/paper/paper-api/26.3-pre-2.build.0-alpha/paper-api-26.3-pre-2.build.0-alpha.jar(/org/bukkit/Sound.class)
[ERROR]     class file has wrong version 69.0, should be 65.0
[ERROR]     Please remove or make sure it appears in the correct subdirectory of the classpath.
[ERROR] /home/runner/work/Snowcore/Snowcore/src/main/java/me/snownw/core/data/StatsStore.java:[4,18] cannot access org.bukkit.OfflinePlayer
[ERROR]   bad class file: /home/runner/.m2/repository/io/papermc/paper/paper-api/26.3-pre-2.build.0-alpha/paper-api-26.3-pre-2.build.0-alpha.jar(/org/bukkit/OfflinePlayer.class)
[ERROR]     class file has wrong version 69.0, should be 65.0
[ERROR]     Please remove or make sure it appears in the correct subdirectory of the classpath.
[ERROR] /home/runner/work/Snowcore/Snowcore/src/main/java/me/snownw/core/service/TeleportService.java:[9,28] cannot access org.bukkit.scheduler.BukkitRunnable
[ERROR]   bad class file: /home/runner/.m2/repository/io/papermc/paper/paper-api/26.3-pre-2.build.0-alpha/paper-api-26.3-pre-2.build.0-alpha.jar(/org/bukkit/scheduler/BukkitRunnable.class)
[ERROR]     class file has wrong version 69.0, should be 65.0
[ERROR]     Please remove or make sure it appears in the correct subdirectory of the classpath.
[ERROR] /home/runner/work/Snowcore/Snowcore/src/main/java/me/snownw/core/service/TeleportService.java:[10,28] cannot access org.bukkit.scheduler.BukkitTask
[ERROR]   bad class file: /home/runner/.m2/repository/io/papermc/paper/paper-api/26.3-pre-2.build.0-alpha/paper-api-26.3-pre-2.build.0-alpha.jar(/org/bukkit/scheduler/BukkitTask.class)
[ERROR]     class file has wrong version 69.0, should be 65.0
[ERROR]     Please remove or make sure it appears in the correct subdirectory of the classpath.
[ERROR] /home/runner/work/Snowcore/Snowcore/src/main/java/me/snownw/core/service/WorthService.java:[4,18] cannot access org.bukkit.Material
[ERROR]   bad class file: /home/runner/.m2/repository/io/papermc/paper/paper-api/26.3-pre-2.build.0-alpha/paper-api-26.3-pre-2.build.0-alpha.jar(/org/bukkit/Material.class)
[ERROR]     class file has wrong version 69.0, should be 65.0
[ERROR]     Please remove or make sure it appears in the correct subdirectory of the classpath.
[ERROR] /home/runner/work/Snowcore/Snowcore/src/main/java/me/snownw/core/service/WorthService.java:[7,28] cannot access org.bukkit.inventory.ItemStack
[ERROR]   bad class file: /home/runner/.m2/repository/io/papermc/paper/paper-api/26.3-pre-2.build.0-alpha/paper-api-26.3-pre-2.build.0-alpha.jar(/org/bukkit/inventory/ItemStack.class)
[ERROR]     class file has wrong version 69.0, should be 65.0
[ERROR]     Please remove or make sure it appears in the correct subdirectory of the classpath.
[ERROR] /home/runner/work/Snowcore/Snowcore/src/main/java/me/snownw/core/dialog/DialogMenus.java:[15,51] cannot access io.papermc.paper.registry.data.dialog.input.DialogInput
[ERROR]   bad class file: /home/runner/.m2/repository/io/papermc/paper/paper-api/26.3-pre-2.build.0-alpha/paper-api-26.3-pre-2.build.0-alpha.jar(/io/papermc/paper/registry/data/dialog/input/DialogInput.class)
[ERROR]     class file has wrong version 69.0, should be 65.0
[ERROR]     Please remove or make sure it appears in the correct subdirectory of the classpath.
[ERROR] /home/runner/work/Snowcore/Snowcore/src/main/java/me/snownw/core/service/ScoreboardService.java:[8,37] cannot access org.bukkit.configuration.file.FileConfiguration
[ERROR]   bad class file: /home/runner/.m2/repository/io/papermc/paper/paper-api/26.3-pre-2.build.0-alpha/paper-api-26.3-pre-2.build.0-alpha.jar(/org/bukkit/configuration/file/FileConfiguration.class)
[ERROR]     class file has wrong version 69.0, should be 65.0
[ERROR]     Please remove or make sure it appears in the correct subdirectory of the classpath.
[ERROR] /home/runner/work/Snowcore/Snowcore/src/main/java/me/snownw/core/service/ScoreboardService.java:[11,29] cannot access org.bukkit.scoreboard.Criteria
[ERROR]   bad class file: /home/runner/.m2/repository/io/papermc/paper/paper-api/26.3-pre-2.build.0-alpha/paper-api-26.3-pre-2.build.0-alpha.jar(/org/bukkit/scoreboard/Criteria.class)
[ERROR]     class file has wrong version 69.0, should be 65.0
[ERROR]     Please remove or make sure it appears in the correct subdirectory of the classpath.
[ERROR] /home/runner/work/Snowcore/Snowcore/src/main/java/me/snownw/core/service/ScoreboardService.java:[12,29] cannot access org.bukkit.scoreboard.DisplaySlot
[ERROR]   bad class file: /home/runner/.m2/repository/io/papermc/paper/paper-api/26.3-pre-2.build.0-alpha/paper-api-26.3-pre-2.build.0-alpha.jar(/org/bukkit/scoreboard/DisplaySlot.class)
[ERROR]     class file has wrong version 69.0, should be 65.0
[ERROR]     Please remove or make sure it appears in the correct subdirectory of the classpath.
[ERROR] /home/runner/work/Snowcore/Snowcore/src/main/java/me/snownw/core/service/ScoreboardService.java:[13,29] cannot access org.bukkit.scoreboard.Objective
[ERROR]   bad class file: /home/runner/.m2/repository/io/papermc/paper/paper-api/26.3-pre-2.build.0-alpha/paper-api-26.3-pre-2.build.0-alpha.jar(/org/bukkit/scoreboard/Objective.class)
[ERROR]     class file has wrong version 69.0, should be 65.0
[ERROR]     Please remove or make sure it appears in the correct subdirectory of the classpath.
[ERROR] /home/runner/work/Snowcore/Snowcore/src/main/java/me/snownw/core/service/ScoreboardService.java:[14,29] cannot access org.bukkit.scoreboard.Scoreboard
[ERROR]   bad class file: /home/runner/.m2/repository/io/papermc/paper/paper-api/26.3-pre-2.build.0-alpha/paper-api-26.3-pre-2.build.0-alpha.jar(/org/bukkit/scoreboard/Scoreboard.class)
[ERROR]     class file has wrong version 69.0, should be 65.0
[ERROR]     Please remove or make sure it appears in the correct subdirectory of the classpath.
[ERROR] /home/runner/work/Snowcore/Snowcore/src/main/java/me/snownw/core/service/ScoreboardService.java:[15,29] cannot access org.bukkit.scoreboard.Team
[ERROR]   bad class file: /home/runner/.m2/repository/io/papermc/paper/paper-api/26.3-pre-2.build.0-alpha/paper-api-26.3-pre-2.build.0-alpha.jar(/org/bukkit/scoreboard/Team.class)
[ERROR]     class file has wrong version 69.0, should be 65.0
[ERROR]     Please remove or make sure it appears in the correct subdirectory of the classpath.
[ERROR] /home/runner/work/Snowcore/Snowcore/src/main/java/me/snownw/core/service/ScoreboardService.java:[16,43] cannot access io.papermc.paper.scoreboard.numbers.NumberFormat
[ERROR]   bad class file: /home/runner/.m2/repository/io/papermc/paper/paper-api/26.3-pre-2.build.0-alpha/paper-api-26.3-pre-2.build.0-alpha.jar(/io/papermc/paper/scoreboard/numbers/NumberFormat.class)
[ERROR]     class file has wrong version 69.0, should be 65.0
[ERROR]     Please remove or make sure it appears in the correct subdirectory of the classpath.
[ERROR] /home/runner/work/Snowcore/Snowcore/src/main/java/me/snownw/core/service/EconomyService.java:[8,25] cannot access org.bukkit.plugin.Plugin
[ERROR]   bad class file: /home/runner/.m2/repository/io/papermc/paper/paper-api/26.3-pre-2.build.0-alpha/paper-api-26.3-pre-2.build.0-alpha.jar(/org/bukkit/plugin/Plugin.class)
[ERROR]     class file has wrong version 69.0, should be 65.0
[ERROR]     Please remove or make sure it appears in the correct subdirectory of the classpath.
[ERROR] /home/runner/work/Snowcore/Snowcore/src/main/java/me/snownw/core/service/EconomyService.java:[9,25] cannot access org.bukkit.plugin.RegisteredServiceProvider
[ERROR]   bad class file: /home/runner/.m2/repository/io/papermc/paper/paper-api/26.3-pre-2.build.0-alpha/paper-api-26.3-pre-2.build.0-alpha.jar(/org/bukkit/plugin/RegisteredServiceProvider.class)
[ERROR]     class file has wrong version 69.0, should be 65.0
[ERROR]     Please remove or make sure it appears in the correct subdirectory of the classpath.
[ERROR] /home/runner/work/Snowcore/Snowcore/src/main/java/me/snownw/core/service/EnderChestService.java:[8,28] cannot access org.bukkit.inventory.Inventory
[ERROR]   bad class file: /home/runner/.m2/repository/io/papermc/paper/paper-api/26.3-pre-2.build.0-alpha/paper-api-26.3-pre-2.build.0-alpha.jar(/org/bukkit/inventory/Inventory.class)
[ERROR]     class file has wrong version 69.0, should be 65.0
[ERROR]     Please remove or make sure it appears in the correct subdirectory of the classpath.
[ERROR] /home/runner/work/Snowcore/Snowcore/src/main/java/me/snownw/core/service/EnderChestService.java:[9,28] cannot access org.bukkit.inventory.InventoryHolder
[ERROR]   bad class file: /home/runner/.m2/repository/io/papermc/paper/paper-api/26.3-pre-2.build.0-alpha/paper-api-26.3-pre-2.build.0-alpha.jar(/org/bukkit/inventory/InventoryHolder.class)
[ERROR]     class file has wrong version 69.0, should be 65.0
[ERROR]     Please remove or make sure it appears in the correct subdirectory of the classpath.
[ERROR] /home/runner/work/Snowcore/Snowcore/src/main/java/me/snownw/core/service/CuboidService.java:[11,33] cannot access org.bukkit.inventory.meta.ItemMeta
[ERROR]   bad class file: /home/runner/.m2/repository/io/papermc/paper/paper-api/26.3-pre-2.build.0-alpha/paper-api-26.3-pre-2.build.0-alpha.jar(/org/bukkit/inventory/meta/ItemMeta.class)
[ERROR]     class file has wrong version 69.0, should be 65.0
[ERROR]     Please remove or make sure it appears in the correct subdirectory of the classpath.
[ERROR] /home/runner/work/Snowcore/Snowcore/src/main/java/me/snownw/core/service/AreaService.java:[9,24] cannot access org.bukkit.block.Block
[ERROR]   bad class file: /home/runner/.m2/repository/io/papermc/paper/paper-api/26.3-pre-2.build.0-alpha/paper-api-26.3-pre-2.build.0-alpha.jar(/org/bukkit/block/Block.class)
[ERROR]     class file has wrong version 69.0, should be 65.0
[ERROR]     Please remove or make sure it appears in the correct subdirectory of the classpath.
[ERROR] /home/runner/work/Snowcore/Snowcore/src/main/java/me/snownw/core/service/AreaService.java:[11,25] cannot access org.bukkit.entity.Display
[ERROR]   bad class file: /home/runner/.m2/repository/io/papermc/paper/paper-api/26.3-pre-2.build.0-alpha/paper-api-26.3-pre-2.build.0-alpha.jar(/org/bukkit/entity/Display.class)
[ERROR]     class file has wrong version 69.0, should be 65.0
[ERROR]     Please remove or make sure it appears in the correct subdirectory of the classpath.
[ERROR] /home/runner/work/Snowcore/Snowcore/src/main/java/me/snownw/core/service/AreaService.java:[12,25] cannot access org.bukkit.entity.Entity
[ERROR]   bad class file: /home/runner/.m2/repository/io/papermc/paper/paper-api/26.3-pre-2.build.0-alpha/paper-api-26.3-pre-2.build.0-alpha.jar(/org/bukkit/entity/Entity.class)
[ERROR]     class file has wrong version 69.0, should be 65.0
[ERROR]     Please remove or make sure it appears in the correct subdirectory of the classpath.
[ERROR] /home/runner/work/Snowcore/Snowcore/src/main/java/me/snownw/core/service/AreaService.java:[13,25] cannot access org.bukkit.entity.TextDisplay
[ERROR]   bad class file: /home/runner/.m2/repository/io/papermc/paper/paper-api/26.3-pre-2.build.0-alpha/paper-api-26.3-pre-2.build.0-alpha.jar(/org/bukkit/entity/TextDisplay.class)
[ERROR]     class file has wrong version 69.0, should be 65.0
[ERROR]     Please remove or make sure it appears in the correct subdirectory of the classpath.
[ERROR] /home/runner/work/Snowcore/Snowcore/src/main/java/me/snownw/core/listener/AreaListener.java:[8,24] cannot access org.bukkit.event.EventHandler
[ERROR]   bad class file: /home/runner/.m2/repository/io/papermc/paper/paper-api/26.3-pre-2.build.0-alpha/paper-api-26.3-pre-2.build.0-alpha.jar(/org/bukkit/event/EventHandler.class)
[ERROR]     class file has wrong version 69.0, should be 65.0
[ERROR]     Please remove or make sure it appears in the correct subdirectory of the classpath.
[ERROR] /home/runner/work/Snowcore/Snowcore/src/main/java/me/snownw/core/listener/AreaListener.java:[9,24] cannot access org.bukkit.event.EventPriority
[ERROR]   bad class file: /home/runner/.m2/repository/io/papermc/paper/paper-api/26.3-pre-2.build.0-alpha/paper-api-26.3-pre-2.build.0-alpha.jar(/org/bukkit/event/EventPriority.class)
[ERROR]     class file has wrong version 69.0, should be 65.0
[ERROR]     Please remove or make sure it appears in the correct subdirectory of the classpath.
[ERROR] /home/runner/work/Snowcore/Snowcore/src/main/java/me/snownw/core/listener/AreaListener.java:[10,24] cannot access org.bukkit.event.Listener
[ERROR]   bad class file: /home/runner/.m2/repository/io/papermc/paper/paper-api/26.3-pre-2.build.0-alpha/paper-api-26.3-pre-2.build.0-alpha.jar(/org/bukkit/event/Listener.class)
[ERROR]     class file has wrong version 69.0, should be 65.0
[ERROR]     Please remove or make sure it appears in the correct subdirectory of the classpath.
[ERROR] /home/runner/work/Snowcore/Snowcore/src/main/java/me/snownw/core/listener/AreaListener.java:[11,30] cannot access org.bukkit.event.block.BlockBreakEvent
[ERROR]   bad class file: /home/runner/.m2/repository/io/papermc/paper/paper-api/26.3-pre-2.build.0-alpha/paper-api-26.3-pre-2.build.0-alpha.jar(/org/bukkit/event/block/BlockBreakEvent.class)
[ERROR]     class file has wrong version 69.0, should be 65.0
[ERROR]     Please remove or make sure it appears in the correct subdirectory of the classpath.
[ERROR] /home/runner/work/Snowcore/Snowcore/src/main/java/me/snownw/core/listener/AreaListener.java:[12,30] cannot access org.bukkit.event.block.BlockPlaceEvent
[ERROR]   bad class file: /home/runner/.m2/repository/io/papermc/paper/paper-api/26.3-pre-2.build.0-alpha/paper-api-26.3-pre-2.build.0-alpha.jar(/org/bukkit/event/block/BlockPlaceEvent.class)
[ERROR]     class file has wrong version 69.0, should be 65.0
[ERROR]     Please remove or make sure it appears in the correct subdirectory of the classpath.
[ERROR] /home/runner/work/Snowcore/Snowcore/src/main/java/me/snownw/core/listener/AreaListener.java:[13,34] cannot access org.bukkit.event.inventory.InventoryOpenEvent
[ERROR]   bad class file: /home/runner/.m2/repository/io/papermc/paper/paper-api/26.3-pre-2.build.0-alpha/paper-api-26.3-pre-2.build.0-alpha.jar(/org/bukkit/event/inventory/InventoryOpenEvent.class)
[ERROR]     class file has wrong version 69.0, should be 65.0
[ERROR]     Please remove or make sure it appears in the correct subdirectory of the classpath.
[ERROR] /home/runner/work/Snowcore/Snowcore/src/main/java/me/snownw/core/listener/AreaListener.java:[14,31] cannot access org.bukkit.event.player.PlayerInteractEvent
[ERROR]   bad class file: /home/runner/.m2/repository/io/papermc/paper/paper-api/26.3-pre-2.build.0-alpha/paper-api-26.3-pre-2.build.0-alpha.jar(/org/bukkit/event/player/PlayerInteractEvent.class)
[ERROR]     class file has wrong version 69.0, should be 65.0
[ERROR]     Please remove or make sure it appears in the correct subdirectory of the classpath.
[ERROR] /home/runner/work/Snowcore/Snowcore/src/main/java/me/snownw/core/listener/AreaListener.java:[15,31] cannot access org.bukkit.event.player.PlayerMoveEvent
[ERROR]   bad class file: /home/runner/.m2/repository/io/papermc/paper/paper-api/26.3-pre-2.build.0-alpha/paper-api-26.3-pre-2.build.0-alpha.jar(/org/bukkit/event/player/PlayerMoveEvent.class)
[ERROR]     class file has wrong version 69.0, should be 65.0
[ERROR]     Please remove or make sure it appears in the correct subdirectory of the classpath.
[ERROR] /home/runner/work/Snowcore/Snowcore/src/main/java/me/snownw/core/listener/AreaListener.java:[16,31] cannot access org.bukkit.event.player.PlayerQuitEvent
[ERROR]   bad class file: /home/runner/.m2/repository/io/papermc/paper/paper-api/26.3-pre-2.build.0-alpha/paper-api-26.3-pre-2.build.0-alpha.jar(/org/bukkit/event/player/PlayerQuitEvent.class)
[ERROR]     class file has wrong version 69.0, should be 65.0
[ERROR]     Please remove or make sure it appears in the correct subdirectory of the classpath.
[ERROR] /home/runner/work/Snowcore/Snowcore/src/main/java/me/snownw/core/service/ShopService.java:[9,30] cannot access org.bukkit.persistence.PersistentDataType
[ERROR]   bad class file: /home/runner/.m2/repository/io/papermc/paper/paper-api/26.3-pre-2.build.0-alpha/paper-api-26.3-pre-2.build.0-alpha.jar(/org/bukkit/persistence/PersistentDataType.class)
[ERROR]     class file has wrong version 69.0, should be 65.0
[ERROR]     Please remove or make sure it appears in the correct subdirectory of the classpath.
[ERROR] /home/runner/work/Snowcore/Snowcore/src/main/java/me/snownw/core/service/ShopService.java:[10,18] cannot access org.bukkit.NamespacedKey
[ERROR]   bad class file: /home/runner/.m2/repository/io/papermc/paper/paper-api/26.3-pre-2.build.0-alpha/paper-api-26.3-pre-2.build.0-alpha.jar(/org/bukkit/NamespacedKey.class)
[ERROR]     class file has wrong version 69.0, should be 65.0
[ERROR]     Please remove or make sure it appears in the correct subdirectory of the classpath.
[ERROR] /home/runner/work/Snowcore/Snowcore/src/main/java/me/snownw/core/service/ShopService.java:[11,25] cannot access org.bukkit.entity.EntityType
[ERROR]   bad class file: /home/runner/.m2/repository/io/papermc/paper/paper-api/26.3-pre-2.build.0-alpha/paper-api-26.3-pre-2.build.0-alpha.jar(/org/bukkit/entity/EntityType.class)
[ERROR]     class file has wrong version 69.0, should be 65.0
[ERROR]     Please remove or make sure it appears in the correct subdirectory of the classpath.
[ERROR] /home/runner/work/Snowcore/Snowcore/src/main/java/me/snownw/core/listener/MobHideListener.java:[7,25] cannot access org.bukkit.entity.LivingEntity
[ERROR]   bad class file: /home/runner/.m2/repository/io/papermc/paper/paper-api/26.3-pre-2.build.0-alpha/paper-api-26.3-pre-2.build.0-alpha.jar(/org/bukkit/entity/LivingEntity.class)
[ERROR]     class file has wrong version 69.0, should be 65.0
[ERROR]     Please remove or make sure it appears in the correct subdirectory of the classpath.
[ERROR] /home/runner/work/Snowcore/Snowcore/src/main/java/me/snownw/core/listener/MobHideListener.java:[8,25] cannot access org.bukkit.entity.Mob
[ERROR]   bad class file: /home/runner/.m2/repository/io/papermc/paper/paper-api/26.3-pre-2.build.0-alpha/paper-api-26.3-pre-2.build.0-alpha.jar(/org/bukkit/entity/Mob.class)
[ERROR]     class file has wrong version 69.0, should be 65.0
[ERROR]     Please remove or make sure it appears in the correct subdirectory of the classpath.
[ERROR] /home/runner/work/Snowcore/Snowcore/src/main/java/me/snownw/core/listener/MobHideListener.java:[13,31] cannot access org.bukkit.event.entity.CreatureSpawnEvent
[ERROR]   bad class file: /home/runner/.m2/repository/io/papermc/paper/paper-api/26.3-pre-2.build.0-alpha/paper-api-26.3-pre-2.build.0-alpha.jar(/org/bukkit/event/entity/CreatureSpawnEvent.class)
[ERROR]     class file has wrong version 69.0, should be 65.0
[ERROR]     Please remove or make sure it appears in the correct subdirectory of the classpath.
[ERROR] /home/runner/work/Snowcore/Snowcore/src/main/java/me/snownw/core/listener/MobHideListener.java:[14,31] cannot access org.bukkit.event.entity.EntityDamageByEntityEvent
[ERROR]   bad class file: /home/runner/.m2/repository/io/papermc/paper/paper-api/26.3-pre-2.build.0-alpha/paper-api-26.3-pre-2.build.0-alpha.jar(/org/bukkit/event/entity/EntityDamageByEntityEvent.class)
[ERROR]     class file has wrong version 69.0, should be 65.0
[ERROR]     Please remove or make sure it appears in the correct subdirectory of the classpath.
[ERROR] /home/runner/work/Snowcore/Snowcore/src/main/java/me/snownw/core/listener/MobHideListener.java:[15,31] cannot access org.bukkit.event.entity.EntityTargetEvent
[ERROR]   bad class file: /home/runner/.m2/repository/io/papermc/paper/paper-api/26.3-pre-2.build.0-alpha/paper-api-26.3-pre-2.build.0-alpha.jar(/org/bukkit/event/entity/EntityTargetEvent.class)
[ERROR]     class file has wrong version 69.0, should be 65.0
[ERROR]     Please remove or make sure it appears in the correct subdirectory of the classpath.
[ERROR] /home/runner/work/Snowcore/Snowcore/src/main/java/me/snownw/core/listener/MobHideListener.java:[16,31] cannot access org.bukkit.event.entity.EntityTargetLivingEntityEvent
[ERROR]   bad class file: /home/runner/.m2/repository/io/papermc/paper/paper-api/26.3-pre-2.build.0-alpha/paper-api-26.3-pre-2.build.0-alpha.jar(/org/bukkit/event/entity/EntityTargetLivingEntityEvent.class)
[ERROR]     class file has wrong version 69.0, should be 65.0
[ERROR]     Please remove or make sure it appears in the correct subdirectory of the classpath.
[ERROR] /home/runner/work/Snowcore/Snowcore/src/main/java/me/snownw/core/listener/MobHideListener.java:[17,31] cannot access org.bukkit.event.player.PlayerJoinEvent
[ERROR]   bad class file: /home/runner/.m2/repository/io/papermc/paper/paper-api/26.3-pre-2.build.0-alpha/paper-api-26.3-pre-2.build.0-alpha.jar(/org/bukkit/event/player/PlayerJoinEvent.class)
[ERROR]     class file has wrong version 69.0, should be 65.0
[ERROR]     Please remove or make sure it appears in the correct subdirectory of the classpath.
[ERROR] /home/runner/work/Snowcore/Snowcore/src/main/java/me/snownw/core/service/SpawnStashService.java:[9,24] cannot access org.bukkit.block.BlockState
[ERROR]   bad class file: /home/runner/.m2/repository/io/papermc/paper/paper-api/26.3-pre-2.build.0-alpha/paper-api-26.3-pre-2.build.0-alpha.jar(/org/bukkit/block/BlockState.class)
[ERROR]     class file has wrong version 69.0, should be 65.0
[ERROR]     Please remove or make sure it appears in the correct subdirectory of the classpath.
[ERROR] /home/runner/work/Snowcore/Snowcore/src/main/java/me/snownw/core/service/SpawnStashService.java:[10,24] cannot access org.bukkit.block.Container
[ERROR]   bad class file: /home/runner/.m2/repository/io/papermc/paper/paper-api/26.3-pre-2.build.0-alpha/paper-api-26.3-pre-2.build.0-alpha.jar(/org/bukkit/block/Container.class)
[ERROR]     class file has wrong version 69.0, should be 65.0
[ERROR]     Please remove or make sure it appears in the correct subdirectory of the classpath.
[ERROR] /home/runner/work/Snowcore/Snowcore/src/main/java/me/snownw/core/service/SpawnStashService.java:[11,24] cannot access org.bukkit.block.CreatureSpawner
[ERROR]   bad class file: /home/runner/.m2/repository/io/papermc/paper/paper-api/26.3-pre-2.build.0-alpha/paper-api-26.3-pre-2.build.0-alpha.jar(/org/bukkit/block/CreatureSpawner.class)
[ERROR]     class file has wrong version 69.0, should be 65.0
[ERROR]     Please remove or make sure it appears in the correct subdirectory of the classpath.
[ERROR] /home/runner/work/Snowcore/Snowcore/src/main/java/me/snownw/core/service/SpawnStashService.java:[12,24] cannot access org.bukkit.block.Sign
[ERROR]   bad class file: /home/runner/.m2/repository/io/papermc/paper/paper-api/26.3-pre-2.build.0-alpha/paper-api-26.3-pre-2.build.0-alpha.jar(/org/bukkit/block/Sign.class)
[ERROR]     class file has wrong version 69.0, should be 65.0
[ERROR]     Please remove or make sure it appears in the correct subdirectory of the classpath.
[ERROR] /home/runner/work/Snowcore/Snowcore/src/main/java/me/snownw/core/service/FakePlayerService.java:[7,25] cannot access org.bukkit.entity.ArmorStand
[ERROR]   bad class file: /home/runner/.m2/repository/io/papermc/paper/paper-api/26.3-pre-2.build.0-alpha/paper-api-26.3-pre-2.build.0-alpha.jar(/org/bukkit/entity/ArmorStand.class)
[ERROR]     class file has wrong version 69.0, should be 65.0
[ERROR]     Please remove or make sure it appears in the correct subdirectory of the classpath.
[ERROR] /home/runner/work/Snowcore/Snowcore/src/main/java/me/snownw/core/service/FakePlayerService.java:[11,33] cannot access org.bukkit.inventory.meta.LeatherArmorMeta
[ERROR]   bad class file: /home/runner/.m2/repository/io/papermc/paper/paper-api/26.3-pre-2.build.0-alpha/paper-api-26.3-pre-2.build.0-alpha.jar(/org/bukkit/inventory/meta/LeatherArmorMeta.class)
[ERROR]     class file has wrong version 69.0, should be 65.0
[ERROR]     Please remove or make sure it appears in the correct subdirectory of the classpath.
[ERROR] /home/runner/work/Snowcore/Snowcore/src/main/java/me/snownw/core/service/FakePlayerService.java:[12,33] cannot access org.bukkit.inventory.meta.SkullMeta
[ERROR]   bad class file: /home/runner/.m2/repository/io/papermc/paper/paper-api/26.3-pre-2.build.0-alpha/paper-api-26.3-pre-2.build.0-alpha.jar(/org/bukkit/inventory/meta/SkullMeta.class)
[ERROR]     class file has wrong version 69.0, should be 65.0
[ERROR]     Please remove or make sure it appears in the correct subdirectory of the classpath.
[ERROR] /home/runner/work/Snowcore/Snowcore/src/main/java/me/snownw/core/service/OffenseService.java:[12,18] cannot access org.bukkit.BanList
[ERROR]   bad class file: /home/runner/.m2/repository/io/papermc/paper/paper-api/26.3-pre-2.build.0-alpha/paper-api-26.3-pre-2.build.0-alpha.jar(/org/bukkit/BanList.class)
[ERROR]     class file has wrong version 69.0, should be 65.0
[ERROR]     Please remove or make sure it appears in the correct subdirectory of the classpath.
[ERROR] /home/runner/work/Snowcore/Snowcore/src/main/java/me/snownw/core/service/AmethystToolService.java:[7,18] cannot access org.bukkit.Particle
[ERROR]   bad class file: /home/runner/.m2/repository/io/papermc/paper/paper-api/26.3-pre-2.build.0-alpha/paper-api-26.3-pre-2.build.0-alpha.jar(/org/bukkit/Particle.class)
[ERROR]     class file has wrong version 69.0, should be 65.0
[ERROR]     Please remove or make sure it appears in the correct subdirectory of the classpath.
[ERROR] /home/runner/work/Snowcore/Snowcore/src/main/java/me/snownw/core/service/AmethystToolService.java:[10,29] cannot access org.bukkit.block.data.Waterlogged
[ERROR]   bad class file: /home/runner/.m2/repository/io/papermc/paper/paper-api/26.3-pre-2.build.0-alpha/paper-api-26.3-pre-2.build.0-alpha.jar(/org/bukkit/block/data/Waterlogged.class)
[ERROR]     class file has wrong version 69.0, should be 65.0
[ERROR]     Please remove or make sure it appears in the correct subdirectory of the classpath.
[ERROR] /home/runner/work/Snowcore/Snowcore/src/main/java/me/snownw/core/service/AmethystToolService.java:[13,28] cannot access org.bukkit.inventory.ItemFlag
[ERROR]   bad class file: /home/runner/.m2/repository/io/papermc/paper/paper-api/26.3-pre-2.build.0-alpha/paper-api-26.3-pre-2.build.0-alpha.jar(/org/bukkit/inventory/ItemFlag.class)
[ERROR]     class file has wrong version 69.0, should be 65.0
[ERROR]     Please remove or make sure it appears in the correct subdirectory of the classpath.
[ERROR] /home/runner/work/Snowcore/Snowcore/src/main/java/me/snownw/core/service/AmethystToolService.java:[16,30] cannot access org.bukkit.persistence.PersistentDataContainer
[ERROR]   bad class file: /home/runner/.m2/repository/io/papermc/paper/paper-api/26.3-pre-2.build.0-alpha/paper-api-26.3-pre-2.build.0-alpha.jar(/org/bukkit/persistence/PersistentDataContainer.class)
[ERROR]     class file has wrong version 69.0, should be 65.0
[ERROR]     Please remove or make sure it appears in the correct subdirectory of the classpath.
[ERROR] /home/runner/work/Snowcore/Snowcore/src/main/java/me/snownw/core/service/AmethystToolService.java:[18,33] cannot access org.bukkit.inventory.meta.PotionMeta
[ERROR]   bad class file: /home/runner/.m2/repository/io/papermc/paper/paper-api/26.3-pre-2.build.0-alpha/paper-api-26.3-pre-2.build.0-alpha.jar(/org/bukkit/inventory/meta/PotionMeta.class)
[ERROR]     class file has wrong version 69.0, should be 65.0
[ERROR]     Please remove or make sure it appears in the correct subdirectory of the classpath.
[ERROR] /home/runner/work/Snowcore/Snowcore/src/main/java/me/snownw/core/command/CoreCommands.java:[7,26] cannot access org.bukkit.command.Command
[ERROR]   bad class file: /home/runner/.m2/repository/io/papermc/paper/paper-api/26.3-pre-2.build.0-alpha/paper-api-26.3-pre-2.build.0-alpha.jar(/org/bukkit/command/Command.class)
[ERROR]     class file has wrong version 69.0, should be 65.0
[ERROR]     Please remove or make sure it appears in the correct subdirectory of the classpath.
[ERROR] /home/runner/work/Snowcore/Snowcore/src/main/java/me/snownw/core/command/CoreCommands.java:[8,26] cannot access org.bukkit.command.CommandExecutor
[ERROR]   bad class file: /home/runner/.m2/repository/io/papermc/paper/paper-api/26.3-pre-2.build.0-alpha/paper-api-26.3-pre-2.build.0-alpha.jar(/org/bukkit/command/CommandExecutor.class)
[ERROR]     class file has wrong version 69.0, should be 65.0
[ERROR]     Please remove or make sure it appears in the correct subdirectory of the classpath.
[ERROR] /home/runner/work/Snowcore/Snowcore/src/main/java/me/snownw/core/command/CoreCommands.java:[10,26] cannot access org.bukkit.command.TabCompleter
[ERROR]   bad class file: /home/runner/.m2/repository/io/papermc/paper/paper-api/26.3-pre-2.build.0-alpha/paper-api-26.3-pre-2.build.0-alpha.jar(/org/bukkit/command/TabCompleter.class)
[ERROR]     class file has wrong version 69.0, should be 65.0
[ERROR]     Please remove or make sure it appears in the correct subdirectory of the classpath.
[ERROR] /home/runner/work/Snowcore/Snowcore/src/main/java/me/snownw/core/dialog/DialogListener.java:[8,35] cannot access io.papermc.paper.connection.PlayerGameConnection
[ERROR]   bad class file: /home/runner/.m2/repository/io/papermc/paper/paper-api/26.3-pre-2.build.0-alpha/paper-api-26.3-pre-2.build.0-alpha.jar(/io/papermc/paper/connection/PlayerGameConnection.class)
[ERROR]     class file has wrong version 69.0, should be 65.0
[ERROR]     Please remove or make sure it appears in the correct subdirectory of the classpath.
[ERROR] /home/runner/work/Snowcore/Snowcore/src/main/java/me/snownw/core/dialog/DialogListener.java:[9,31] cannot access io.papermc.paper.dialog.DialogResponseView
[ERROR]   bad class file: /home/runner/.m2/repository/io/papermc/paper/paper-api/26.3-pre-2.build.0-alpha/paper-api-26.3-pre-2.build.0-alpha.jar(/io/papermc/paper/dialog/DialogResponseView.class)
[ERROR]     class file has wrong version 69.0, should be 65.0
[ERROR]     Please remove or make sure it appears in the correct subdirectory of the classpath.
[ERROR] /home/runner/work/Snowcore/Snowcore/src/main/java/me/snownw/core/dialog/DialogListener.java:[10,37] cannot access io.papermc.paper.event.player.PlayerCustomClickEvent
[ERROR]   bad class file: /home/runner/.m2/repository/io/papermc/paper/paper-api/26.3-pre-2.build.0-alpha/paper-api-26.3-pre-2.build.0-alpha.jar(/io/papermc/paper/event/player/PlayerCustomClickEvent.class)
[ERROR]     class file has wrong version 69.0, should be 65.0
[ERROR]     Please remove or make sure it appears in the correct subdirectory of the classpath.
[ERROR] /home/runner/work/Snowcore/Snowcore/src/main/java/me/snownw/core/gui/ClassicMenusListener.java:[10,34] cannot access org.bukkit.event.inventory.InventoryClickEvent
[ERROR]   bad class file: /home/runner/.m2/repository/io/papermc/paper/paper-api/26.3-pre-2.build.0-alpha/paper-api-26.3-pre-2.build.0-alpha.jar(/org/bukkit/event/inventory/InventoryClickEvent.class)
[ERROR]     class file has wrong version 69.0, should be 65.0
[ERROR]     Please remove or make sure it appears in the correct subdirectory of the classpath.
[ERROR] /home/runner/work/Snowcore/Snowcore/src/main/java/me/snownw/core/gui/ItemSearchListener.java:[6,34] cannot access org.bukkit.event.inventory.InventoryDragEvent
[ERROR]   bad class file: /home/runner/.m2/repository/io/papermc/paper/paper-api/26.3-pre-2.build.0-alpha/paper-api-26.3-pre-2.build.0-alpha.jar(/org/bukkit/event/inventory/InventoryDragEvent.class)
[ERROR]     class file has wrong version 69.0, should be 65.0
[ERROR]     Please remove or make sure it appears in the correct subdirectory of the classpath.
[ERROR] /home/runner/work/Snowcore/Snowcore/src/main/java/me/snownw/core/listener/AmethystToolListener.java:[13,30] cannot access org.bukkit.event.block.Action
[ERROR]   bad class file: /home/runner/.m2/repository/io/papermc/paper/paper-api/26.3-pre-2.build.0-alpha/paper-api-26.3-pre-2.build.0-alpha.jar(/org/bukkit/event/block/Action.class)
[ERROR]     class file has wrong version 69.0, should be 65.0
[ERROR]     Please remove or make sure it appears in the correct subdirectory of the classpath.
[ERROR] /home/runner/work/Snowcore/Snowcore/src/main/java/me/snownw/core/listener/AmethystToolListener.java:[15,31] cannot access org.bukkit.event.player.PlayerItemConsumeEvent
[ERROR]   bad class file: /home/runner/.m2/repository/io/papermc/paper/paper-api/26.3-pre-2.build.0-alpha/paper-api-26.3-pre-2.build.0-alpha.jar(/org/bukkit/event/player/PlayerItemConsumeEvent.class)
[ERROR]     class file has wrong version 69.0, should be 65.0
[ERROR]     Please remove or make sure it appears in the correct subdirectory of the classpath.
[ERROR] /home/runner/work/Snowcore/Snowcore/src/main/java/me/snownw/core/listener/AmethystToolListener.java:[16,28] cannot access org.bukkit.inventory.EquipmentSlot
[ERROR]   bad class file: /home/runner/.m2/repository/io/papermc/paper/paper-api/26.3-pre-2.build.0-alpha/paper-api-26.3-pre-2.build.0-alpha.jar(/org/bukkit/inventory/EquipmentSlot.class)
[ERROR]     class file has wrong version 69.0, should be 65.0
[ERROR]     Please remove or make sure it appears in the correct subdirectory of the classpath.
[ERROR] /home/runner/work/Snowcore/Snowcore/src/main/java/me/snownw/core/listener/ChatSocialListener.java:[6,37] cannot access io.papermc.paper.event.player.AsyncChatEvent
[ERROR]   bad class file: /home/runner/.m2/repository/io/papermc/paper/paper-api/26.3-pre-2.build.0-alpha/paper-api-26.3-pre-2.build.0-alpha.jar(/io/papermc/paper/event/player/AsyncChatEvent.class)
[ERROR]     class file has wrong version 69.0, should be 65.0
[ERROR]     Please remove or make sure it appears in the correct subdirectory of the classpath.
[ERROR] /home/runner/work/Snowcore/Snowcore/src/main/java/me/snownw/core/listener/ChatSocialListener.java:[13,31] cannot access org.bukkit.event.entity.PlayerDeathEvent
[ERROR]   bad class file: /home/runner/.m2/repository/io/papermc/paper/paper-api/26.3-pre-2.build.0-alpha/paper-api-26.3-pre-2.build.0-alpha.jar(/org/bukkit/event/entity/PlayerDeathEvent.class)
[ERROR]     class file has wrong version 69.0, should be 65.0
[ERROR]     Please remove or make sure it appears in the correct subdirectory of the classpath.
[ERROR] /home/runner/work/Snowcore/Snowcore/src/main/java/me/snownw/core/listener/CombatListener.java:[7,25] cannot access org.bukkit.entity.Projectile
[ERROR]   bad class file: /home/runner/.m2/repository/io/papermc/paper/paper-api/26.3-pre-2.build.0-alpha/paper-api-26.3-pre-2.build.0-alpha.jar(/org/bukkit/entity/Projectile.class)
[ERROR]     class file has wrong version 69.0, should be 65.0
[ERROR]     Please remove or make sure it appears in the correct subdirectory of the classpath.
[ERROR] /home/runner/work/Snowcore/Snowcore/src/main/java/me/snownw/core/listener/CombatListener.java:[13,31] cannot access org.bukkit.event.player.PlayerCommandPreprocessEvent
[ERROR]   bad class file: /home/runner/.m2/repository/io/papermc/paper/paper-api/26.3-pre-2.build.0-alpha/paper-api-26.3-pre-2.build.0-alpha.jar(/org/bukkit/event/player/PlayerCommandPreprocessEvent.class)
[ERROR]     class file has wrong version 69.0, should be 65.0
[ERROR]     Please remove or make sure it appears in the correct subdirectory of the classpath.
[ERROR] /home/runner/work/Snowcore/Snowcore/src/main/java/me/snownw/core/listener/EnderChestListener.java:[12,34] cannot access org.bukkit.event.inventory.InventoryCloseEvent
[ERROR]   bad class file: /home/runner/.m2/repository/io/papermc/paper/paper-api/26.3-pre-2.build.0-alpha/paper-api-26.3-pre-2.build.0-alpha.jar(/org/bukkit/event/inventory/InventoryCloseEvent.class)
[ERROR]     class file has wrong version 69.0, should be 65.0
[ERROR]     Please remove or make sure it appears in the correct subdirectory of the classpath.
[ERROR] /home/runner/work/Snowcore/Snowcore/src/main/java/me/snownw/core/listener/ExtraSystemsListener.java:[22,36] cannot access org.bukkit.event.player.PlayerDropItemEvent
[ERROR]   bad class file: /home/runner/.m2/repository/io/papermc/paper/paper-api/26.3-pre-2.build.0-alpha/paper-api-26.3-pre-2.build.0-alpha.jar(/org/bukkit/event/player/PlayerDropItemEvent.class)
[ERROR]     class file has wrong version 69.0, should be 65.0
[ERROR]     Please remove or make sure it appears in the correct subdirectory of the classpath.
[ERROR] /home/runner/work/Snowcore/Snowcore/src/main/java/me/snownw/core/listener/MuteRestrictionListener.java:[9,30] cannot access org.bukkit.event.block.SignChangeEvent
[ERROR]   bad class file: /home/runner/.m2/repository/io/papermc/paper/paper-api/26.3-pre-2.build.0-alpha/paper-api-26.3-pre-2.build.0-alpha.jar(/org/bukkit/event/block/SignChangeEvent.class)
[ERROR]     class file has wrong version 69.0, should be 65.0
[ERROR]     Please remove or make sure it appears in the correct subdirectory of the classpath.
[ERROR] /home/runner/work/Snowcore/Snowcore/src/main/java/me/snownw/core/listener/PvpSettingsListener.java:[5,25] cannot access org.bukkit.entity.EnderCrystal
[ERROR]   bad class file: /home/runner/.m2/repository/io/papermc/paper/paper-api/26.3-pre-2.build.0-alpha/paper-api-26.3-pre-2.build.0-alpha.jar(/org/bukkit/entity/EnderCrystal.class)
[ERROR]     class file has wrong version 69.0, should be 65.0
[ERROR]     Please remove or make sure it appears in the correct subdirectory of the classpath.
[ERROR] /home/runner/work/Snowcore/Snowcore/src/main/java/me/snownw/core/listener/PvpSettingsListener.java:[12,31] cannot access org.bukkit.event.entity.EntityExplodeEvent
[ERROR]   bad class file: /home/runner/.m2/repository/io/papermc/paper/paper-api/26.3-pre-2.build.0-alpha/paper-api-26.3-pre-2.build.0-alpha.jar(/org/bukkit/event/entity/EntityExplodeEvent.class)
[ERROR]     class file has wrong version 69.0, should be 65.0
[ERROR]     Please remove or make sure it appears in the correct subdirectory of the classpath.
[ERROR] /home/runner/work/Snowcore/Snowcore/src/main/java/me/snownw/core/listener/StatsListener.java:[11,31] cannot access org.bukkit.event.entity.EntityDeathEvent
[ERROR]   bad class file: /home/runner/.m2/repository/io/papermc/paper/paper-api/26.3-pre-2.build.0-alpha/paper-api-26.3-pre-2.build.0-alpha.jar(/org/bukkit/event/entity/EntityDeathEvent.class)
[ERROR]     class file has wrong version 69.0, should be 65.0
[ERROR]     Please remove or make sure it appears in the correct subdirectory of the classpath.
[ERROR] -> [Help 1]
[ERROR] 
[ERROR] To see the full stack trace of the errors, re-run Maven with the -e switch.
[ERROR] Re-run Maven using the -X switch to enable full debug logging.
[ERROR] 
[ERROR] For more information about the errors and possible solutions, please read the following articles:
[ERROR] [Help 1] http://cwiki.apache.org/confluence/display/MAVEN/MojoFailureException
